PLAYERID,PLAYER,SALARY,OPP,POS,TEAM,SCHEDULE_ID,NAME,LP,OL,2H,PITCHER,CATCHER,UMPIRE,PARK,ROOF,GVF,PLATOON,HFA,PH%,COLD,DK,PA,PAVSSP,PAVSSP%,BA,OBP,SLG,ISO,WOBA,K,BB,HBP,H,1B,2B,3B,HR,RBI,R,SB,CS,HR_DEPENDENCE,DK_0%_PH%,FD_0%_PH%,FPTS,FPTS/$
11380,Mike Trout,5600,TEX,OF,LAA,46284,Mike Trout,3,false,&nbsp,,Mike Minor,Isiah Kiner-Falefa,Jordan Baker (H),TEX,&nbsp,,-,true,false,0%,false,13.19,4.55,2.66,58%,0.328,0.458,0.718,0.39,0.474,0.88,0.84,0.05,1.19,0.54,0.25,0.05,0.35,1.02,1.02,42%,13.22,17.99,13.19,2.36
14626,Nolan Arenado,5200,SFG,3B,COL,46291,Nolan Arenado,3,true,&nbsp,,Dereck Rodriguez,Nick Hundley,Ben May (P),COL,&nbsp,,-,false,true,1%,true,12.11,4.4,2.11,48%,0.337,0.405,0.679,0.342,0.442,0.64,0.44,0.03,1.31,0.63,0.34,0.03,0.31,1.06,1.02,40%,12.17,16.47,12.11,2.33
17740,Trevor Story,4800,SFG,SS,COL,46291,Trevor Story,5,true,&nbsp,,Dereck Rodriguez,Nick Hundley,Ben May (P),COL,&nbsp,,-,false,true,0%,false,11.44,4.25,1.99,47%,0.317,0.379,0.636,0.319,0.417,1.06,0.35,0.05,1.21,0.55,0.35,0.05,0.26,0.94,0.87,34%,11.44,15.33,11.44,2.38
11306,Charlie Blackmon,5400,SFG,OF,COL,46291,Charlie Blackmon,1,true,&nbsp,,Dereck Rodriguez,Nick Hundley,Ben May (P),COL,&nbsp,,-,true,true,0%,false,11.14,4.55,2.26,50%,0.329,0.4,0.594,0.265,0.415,0.71,0.43,0.08,1.32,0.77,0.25,0.08,0.22,0.66,0.95,29%,11.14,14.66,11.14,2.06
16460,Tommy Pham,4500,TOR,OF,TBR,46292,Tommy Pham,2,true,&nbsp,,Ryan Borucki,Danny Jansen,Quinn Wolcott (P),TOR,Open,-,true,false,6%,false,10.78,4.51,2.92,65%,0.28,0.373,0.512,0.232,0.376,1.04,0.55,0.05,1.09,0.64,0.21,0.03,0.21,0.7,0.81,0.25,30%,11.03,14.65,10.78,2.4
16500,Mookie Betts,6000,ATL,OF,BOS,46295,Mookie Betts,1,true,&nbsp,,Sean Newcomb,Kurt Suzuki,Jansen Visconti (N),ATL,&nbsp,,-,true,false,0%,false,10.64,4.76,3.01,63%,0.29,0.394,0.521,0.231,0.385,0.62,0.69,0.02,1.16,0.66,0.28,0.03,0.2,0.57,0.83,28%,10.66,14.1,10.64,1.77
10554,Justin Upton,4700,TEX,OF,LAA,46284,Justin Upton,4,false,&nbsp,,Mike Minor,Isiah Kiner-Falefa,Jordan Baker (H),TEX,&nbsp,,-,true,false,0%,false,10.54,4.44,2.58,58%,0.278,0.359,0.571,0.293,0.387,1.18,0.48,0.03,1.08,0.54,0.23,0.01,0.3,0.9,0.82,44%,10.57,14.31,10.54,2.24
13392,Bryce Harper,4800,STL,OF,WAS,46288,Bryce Harper,3,true,&nbsp,,John Gant,Yadier Molina,Nic Lentz (H),WAS,&nbsp,,-,true,true,1%,false,10.48,4.31,2.38,55%,0.291,0.434,0.573,0.282,0.416,0.89,0.86,0.03,0.99,0.53,0.2,0.01,0.24,0.81,0.83,36%,10.52,14.4,10.48,2.18
13518,Starling Marte,4600,CIN,OF,PIT,46293,Starling Marte,1,true,&nbsp,,Cody Reed,Tucker Barnhart,Will Little (P),PIT,&nbsp,,-,true,true,2%,false,10.37,4.43,2.67,60%,0.321,0.384,0.517,0.196,0.383,0.76,0.31,0.12,1.27,0.84,0.24,0.05,0.15,0.54,0.78,21%,10.45,13.5,10.37,2.25
11424,J.D. Martinez,5700,ATL,OF,BOS,46295,J.D. Martinez,3,true,&nbsp,,Sean Newcomb,Kurt Suzuki,Jansen Visconti (N),ATL,&nbsp,,-,true,false,3%,false,10.28,4.51,2.82,63%,0.283,0.383,0.552,0.269,0.39,1.2,0.62,0.02,1.09,0.58,0.23,0.01,0.26,0.83,0.8,40%,10.41,14.1,10.28,1.8
16368,Jose Ramirez,5400,KCR,3B,CLE,46287,Jose Ramirez,3,true,&nbsp,,Danny Duffy,Cam Gallagher,Joe West (N),CLE,&nbsp,,-,true,true,0%,true,10.2,4.27,2.8,66%,0.305,0.376,0.58,0.275,0.395,0.49,0.43,0.02,1.15,0.61,0.28,0.04,0.23,0.78,0.72,34%,10.2,13.57,10.2,1.89
15953,Francisco Lindor,5100,KCR,SS,CLE,46287,Francisco Lindor,1,true,&nbsp,,Danny Duffy,Cam Gallagher,Joe West (N),CLE,&nbsp,,-,true,true,0%,true,9.97,4.48,3.01,67%,0.304,0.369,0.549,0.245,0.384,0.67,0.42,0.02,1.21,0.7,0.27,0.04,0.21,0.61,0.8,32%,9.97,13.11,9.97,1.95
13534,Manny Machado,4900,NYM,SS,LAD,46297,Manny Machado,3,false,&nbsp,,Jason Vargas,Devin Mesoraco,Ryan Blakney (EP),LAD,&nbsp,,-,true,true,3%,false,9.95,4.18,2.01,48%,0.303,0.364,0.593,0.29,0.394,0.68,0.36,0.02,1.14,0.61,0.25,0.01,0.28,0.76,0.74,43%,10.1,13.43,9.95,2.03
11296,Matt Carpenter,5300,WAS,1B/3B,STL,46288,Matt Carpenter,1,true,&nbsp,,Erick Fedde,Pedro Severino,Nic Lentz (H),WAS,&nbsp,,-,true,false,4%,false,9.94,4.64,3.2,69%,0.285,0.399,0.553,0.268,0.397,0.93,0.72,0.04,1.09,0.56,0.28,0.02,0.24,0.55,0.83,35%,10.06,13.47,9.94,1.88
10443,Edwin Encarnacion,4800,KCR,1B,CLE,46287,Edwin Encarnacion,4,true,&nbsp,,Danny Duffy,Cam Gallagher,Joe West (N),CLE,&nbsp,,-,true,true,4%,false,9.92,4.1,2.72,66%,0.266,0.371,0.59,0.324,0.398,0.84,0.57,0.03,0.92,0.43,0.17,0,0.31,0.87,0.8,49%,10.06,13.8,9.92,2.07
11311,Anthony Rizzo,5100,MIL,1B,CHC,46285,Anthony Rizzo,3,true,&nbsp,,Wade Miley,Erik Kratz,David Rackley (H),MIL,Open,-,false,false,0%,false,9.87,4.5,2.35,52%,0.27,0.389,0.526,0.256,0.385,0.6,0.59,0.16,1,0.57,0.17,0.01,0.25,0.76,0.76,0.03,40%,9.87,13.39,9.87,1.94
10509,Carlos Gonzalez,4900,SFG,OF,COL,46291,Carlos Gonzalez,4,true,&nbsp,,Dereck Rodriguez,Nick Hundley,Ben May (P),COL,&nbsp,,-,true,true,0%,false,9.68,4.33,2.04,47%,0.309,0.379,0.54,0.231,0.385,0.79,0.43,0.02,1.19,0.7,0.27,0.04,0.18,0.79,0.72,28%,9.68,12.89,9.68,1.98
17712,C.J. Cron,4600,TOR,1B,TBR,46292,C.J. Cron,4,true,&nbsp,,Ryan Borucki,Danny Jansen,Quinn Wolcott (P),TOR,Open,-,true,false,8%,false,9.61,4.29,2.74,64%,0.272,0.331,0.532,0.26,0.361,0.93,0.29,0.07,1.06,0.56,0.24,0.01,0.25,0.85,0.74,0.05,41%,9.92,13.36,9.61,2.09
13703,DJ LeMahieu,4300,SFG,2B,COL,46291,DJ LeMahieu,2,true,&nbsp,,Dereck Rodriguez,Nick Hundley,Ben May (P),COL,&nbsp,,-,false,true,0%,false,9.51,4.47,2.18,49%,0.355,0.405,0.525,0.17,0.397,0.53,0.36,0.03,1.43,0.99,0.28,0.05,0.1,0.53,0.76,16%,9.51,12.21,9.51,2.21
11431,Paul Goldschmidt,5000,SDP,1B,ARI,46296,Paul Goldschmidt,3,true,&nbsp,,Joey Lucchesi,A.J. Ellis,Todd Tichenor (N),ARI,Closed,-,true,true,0%,false,9.5,4.19,2.44,58%,0.281,0.409,0.534,0.253,0.396,1.1,0.72,0.04,0.96,0.52,0.21,0.03,0.2,0.69,0.72,0.07,33%,9.52,12.88,9.5,1.9
15811,Javier Baez,5800,MIL,2B/SS,CHC,46285,Javier Baez,2,true,&nbsp,,Wade Miley,Erik Kratz,David Rackley (H),MIL,Open,-,true,false,0%,false,9.39,4.56,2.42,53%,0.27,0.319,0.504,0.234,0.343,1.22,0.28,0.04,1.13,0.65,0.23,0.02,0.23,0.64,0.73,0.07,38%,9.41,12.37,9.39,1.62
17540,Kris Bryant,5100,MIL,3B,CHC,46285,Kris Bryant,4,true,&nbsp,,Wade Miley,Erik Kratz,David Rackley (H),MIL,Open,-,true,false,1%,false,9.38,4.4,2.29,52%,0.271,0.39,0.519,0.248,0.385,1.04,0.65,0.07,0.99,0.53,0.22,0.02,0.21,0.71,0.68,0.03,35%,9.44,12.77,9.38,1.84
13417,A.J. Pollock,4100,SDP,OF,ARI,46296,A.J. Pollock,2,true,&nbsp,,Joey Lucchesi,A.J. Ellis,Todd Tichenor (N),ARI,Closed,-,true,true,2%,true,9.26,4.23,2.52,60%,0.279,0.353,0.518,0.239,0.366,0.87,0.41,0.03,1.05,0.56,0.25,0.06,0.18,0.57,0.7,0.13,29%,9.34,12.31,9.26,2.26
13440,Brian Dozier,4100,NYM,2B,LAD,46297,Brian Dozier,1,false,&nbsp,,Jason Vargas,Devin Mesoraco,Ryan Blakney (EP),LAD,&nbsp,,-,true,true,4%,true,9.25,4.29,2.16,50%,0.259,0.343,0.531,0.272,0.365,0.92,0.46,0.04,0.97,0.48,0.23,0.01,0.26,0.55,0.75,41%,9.43,12.55,9.25,2.26
10345,Freddie Freeman,4500,BOS,1B,ATL,46295,Freddie Freeman,3,true,&nbsp,,Rick Porcello,Sandy Leon,Jansen Visconti (N),ATL,&nbsp,,-,true,true,0%,true,9.22,4.21,3.09,73%,0.298,0.382,0.548,0.25,0.388,0.87,0.47,0.05,1.09,0.61,0.25,0.02,0.21,0.66,0.68,35%,9.22,12.27,9.22,2.05
10487,Ian Desmond,4300,SFG,1B,COL,46291,Ian Desmond,7,true,&nbsp,,Dereck Rodriguez,Nick Hundley,Ben May (P),COL,&nbsp,,-,false,true,1%,false,9.22,4.05,1.83,45%,0.313,0.369,0.536,0.223,0.382,0.88,0.3,0.04,1.15,0.7,0.24,0.04,0.17,0.67,0.63,28%,9.26,12.12,9.22,2.14
10344,Brandon Belt,4200,COL,1B,SFG,46291,Brandon Belt,4,false,&nbsp,,German Marquez,Tony Wolters,Ben May (P),COL,&nbsp,,-,true,false,4%,true,9.21,4.31,2.95,68%,0.292,0.383,0.539,0.247,0.386,0.92,0.52,0.04,1.08,0.59,0.26,0.04,0.19,0.69,0.66,32%,9.34,12.47,9.21,2.19
10512,Nelson Cruz,4500,BAL,OF,SEA,46294,Nelson Cruz,4,false,&nbsp,,Alex Cobb,Austin Wynns,John Libka (H),SEA,&nbsp,,-,false,true,0%,true,9.16,4.12,2.82,68%,0.29,0.359,0.551,0.261,0.378,0.76,0.34,0.07,1.06,0.63,0.17,0.01,0.26,0.77,0.7,43%,9.16,12.27,9.16,2.04
11113,Justin Turner,4900,NYM,3B,LAD,46297,Justin Turner,2,false,&nbsp,,Jason Vargas,Devin Mesoraco,Ryan Blakney (EP),LAD,&nbsp,,-,true,true,3%,false,9.15,4.22,2.08,49%,0.305,0.385,0.559,0.254,0.396,0.63,0.42,0.08,1.12,0.62,0.28,0.01,0.21,0.56,0.72,35%,9.31,12.3,9.15,1.87
21824,Trea Turner,4700,STL,SS,WAS,46288,Trea Turner,2,true,&nbsp,,John Gant,Yadier Molina,Nic Lentz (H),WAS,&nbsp,,-,false,true,0%,false,9.13,4.4,2.46,56%,0.299,0.359,0.461,0.162,0.351,0.8,0.36,0.03,1.19,0.82,0.22,0.04,0.12,0.5,0.66,19%,9.13,11.75,9.13,1.94
17609,Mallex Smith,4400,TOR,OF,TBR,46292,Mallex Smith,1,true,&nbsp,,Ryan Borucki,Danny Jansen,Quinn Wolcott (P),TOR,Open,-,false,false,9%,false,9.02,4.57,3.02,66%,0.274,0.331,0.353,0.079,0.304,0.76,0.35,0.04,1.12,0.87,0.19,0.03,0.02,0.32,0.53,0.5,4%,9.36,11.73,9.02,2.05
16129,Joc Pederson,4100,NYM,OF,LAD,46297,Joc Pederson,1,false,&nbsp,,Jason Vargas,Devin Mesoraco,Ryan Blakney (EP),LAD,&nbsp,,-,false,true,0%,false,9.02,4.37,2.16,49%,0.255,0.351,0.508,0.253,0.361,0.9,0.51,0.07,0.96,0.51,0.19,0.01,0.25,0.53,0.75,41%,9.04,12.07,9.02,2.2
17648,Max Muncy,5000,NYM,1B/3B,LAD,46297,Max Muncy,4,false,&nbsp,,Jason Vargas,Devin Mesoraco,Ryan Blakney (EP),LAD,&nbsp,,-,false,true,0%,false,8.99,4.16,1.95,47%,0.256,0.359,0.526,0.27,0.369,1.06,0.55,0.04,0.9,0.48,0.16,0.01,0.26,0.71,0.67,45%,9.01,12.2,8.99,1.8
14613,Anthony Rendon,4200,STL,3B,WAS,46288,Anthony Rendon,4,true,&nbsp,,John Gant,Yadier Molina,Nic Lentz (H),WAS,&nbsp,,-,false,true,0%,false,8.97,4.24,2.3,54%,0.298,0.383,0.512,0.214,0.378,0.61,0.48,0.05,1.09,0.65,0.26,0.01,0.17,0.73,0.65,29%,8.97,12.01,8.97,2.14
10426,Evan Longoria,4100,COL,3B,SFG,46291,Evan Longoria,3,false,&nbsp,,German Marquez,Tony Wolters,Ben May (P),COL,&nbsp,,-,false,false,4%,true,8.87,4.39,3.04,69%,0.286,0.328,0.511,0.225,0.35,0.9,0.22,0.05,1.16,0.65,0.29,0.02,0.19,0.7,0.66,34%,9.01,11.88,8.87,2.16
16199,Joey Gallo,4000,LAA,1B/OF,TEX,46284,Joey Gallo,7,true,&nbsp,,Andrew Heaney,Jose Briceno,Jordan Baker (H),TEX,&nbsp,,-,false,true,0%,false,8.85,3.93,2.46,63%,0.228,0.333,0.539,0.311,0.362,1.39,0.49,0.05,0.77,0.31,0.15,0.02,0.28,0.76,0.72,49%,8.85,12.16,8.85,2.21
17878,David Dahl,4900,SFG,OF,COL,46291,David Dahl,6,true,&nbsp,,Dereck Rodriguez,Nick Hundley,Ben May (P),COL,&nbsp,,-,true,true,3%,false,8.85,4.06,1.91,47%,0.304,0.358,0.532,0.228,0.373,0.89,0.31,0.02,1.12,0.65,0.26,0.07,0.15,0.63,0.6,25%,9,11.76,8.85,1.81
15483,Rougned Odor,4300,LAA,2B,TEX,46284,Rougned Odor,2,true,&nbsp,,Andrew Heaney,Jose Briceno,Jordan Baker (H),TEX,&nbsp,,-,false,true,0%,false,8.85,4.42,2.93,66%,0.256,0.316,0.471,0.215,0.332,0.96,0.27,0.09,1.03,0.6,0.19,0.04,0.2,0.65,0.7,34%,8.85,11.73,8.85,2.06
326703,Juan Soto,4700,STL,OF,WAS,46288,Juan Soto,5,true,&nbsp,,John Gant,Yadier Molina,Nic Lentz (H),WAS,&nbsp,,-,true,true,3%,false,8.84,4.09,2.24,55%,0.299,0.415,0.516,0.217,0.394,0.73,0.68,0.01,1,0.63,0.19,0.02,0.17,0.66,0.65,29%,8.97,12.06,8.84,1.88
36727,Cody Bellinger,4200,NYM,1B/OF,LAD,46297,Cody Bellinger,6,false,&nbsp,,Jason Vargas,Devin Mesoraco,Ryan Blakney (EP),LAD,&nbsp,,-,false,true,2%,false,8.79,3.95,1.83,46%,0.265,0.35,0.551,0.286,0.37,0.98,0.45,0.03,0.91,0.45,0.19,0.02,0.25,0.64,0.63,44%,8.87,11.87,8.79,2.09
41843,Shohei Ohtani,5100,TEX,OF,LAA,46284,Shohei Ohtani,5,false,&nbsp,,Mike Minor,Isiah Kiner-Falefa,Jordan Baker (H),TEX,&nbsp,,-,false,false,0%,false,8.74,4.35,2.5,57%,0.251,0.327,0.481,0.23,0.341,1.34,0.42,0.03,0.97,0.52,0.22,0.01,0.22,0.68,0.66,38%,8.76,11.75,8.74,1.71
14629,Marcell Ozuna,4000,WAS,OF,STL,46288,Marcell Ozuna,4,true,&nbsp,,Erick Fedde,Pedro Severino,Nic Lentz (H),WAS,&nbsp,,-,false,false,1%,false,8.73,4.37,2.91,67%,0.301,0.347,0.505,0.204,0.359,0.8,0.28,0.02,1.22,0.79,0.22,0.01,0.19,0.68,0.61,34%,8.77,11.46,8.73,2.18
11406,Jose Altuve,4800,MIN,2B,HOU,46290,Jose Altuve,2,true,&nbsp,,Trevor May,Chris Gimenez,Nick Mahrley (EP),HOU,Closed,-,false,true,1%,true,8.7,4.24,2.48,58%,0.311,0.369,0.483,0.172,0.362,0.63,0.33,0.05,1.19,0.79,0.25,0.02,0.12,0.52,0.61,0.13,21%,8.74,11.3,8.7,1.81
35330,Alex Bregman,5500,MIN,3B/SS,HOU,46290,Alex Bregman,3,true,&nbsp,,Trevor May,Chris Gimenez,Nick Mahrley (EP),HOU,Closed,-,false,true,0%,false,8.7,4.18,2.4,57%,0.274,0.358,0.501,0.227,0.364,0.71,0.44,0.05,1,0.54,0.26,0.02,0.18,0.65,0.61,0.07,31%,8.7,11.6,8.7,1.58
15886,Jesus Aguilar,5200,CHC,1B,MIL,46285,Jesus Aguilar,3,true,&nbsp,,Mike Montgomery,Willson Contreras,David Rackley (H),MIL,Open,-,true,true,3%,false,8.66,4.2,2.64,63%,0.262,0.356,0.508,0.246,0.364,0.92,0.5,0.05,0.95,0.53,0.19,0,0.23,0.69,0.67,0,41%,8.76,11.83,8.66,1.67
15235,Gregory Polanco,4600,CIN,OF,PIT,46293,Gregory Polanco,3,true,&nbsp,,Cody Reed,Tucker Barnhart,Will Little (P),PIT,&nbsp,,-,false,true,0%,false,8.63,4.3,2.49,58%,0.248,0.342,0.446,0.198,0.336,0.86,0.51,0.04,0.92,0.54,0.19,0.02,0.17,0.69,0.66,30%,8.63,11.64,8.63,1.88
17919,Matt Duffy,3800,TOR,3B,TBR,46292,Matt Duffy,3,true,&nbsp,,Ryan Borucki,Danny Jansen,Quinn Wolcott (P),TOR,Open,-,true,false,0%,false,8.62,4.53,2.81,62%,0.293,0.35,0.418,0.125,0.332,0.63,0.34,0.03,1.2,0.87,0.23,0.03,0.08,0.56,0.53,0.19,13%,8.64,11.1,8.62,2.27
16289,Mitch Haniger,4700,BAL,OF,SEA,46294,Mitch Haniger,1,false,&nbsp,,Alex Cobb,Austin Wynns,John Libka (H),SEA,&nbsp,,-,false,true,1%,false,8.58,4.43,3.12,70%,0.281,0.352,0.479,0.198,0.353,0.83,0.38,0.08,1.1,0.68,0.23,0.01,0.17,0.51,0.7,30%,8.6,11.3,8.58,1.83
15035,George Springer,4400,MIN,OF,HOU,46290,George Springer,1,true,&nbsp,,Trevor May,Chris Gimenez,Nick Mahrley (EP),HOU,Closed,-,false,true,3%,false,8.57,4.31,2.58,60%,0.262,0.35,0.475,0.213,0.353,1.05,0.45,0.07,0.99,0.58,0.2,0.01,0.19,0.53,0.71,0.06,33%,8.67,11.52,8.57,1.95
262363,Ronald Acuna,5200,BOS,OF,ATL,46295,Ronald Acuna,1,true,&nbsp,,Rick Porcello,Sandy Leon,Jansen Visconti (N),ATL,&nbsp,,-,false,true,4%,false,8.56,4.36,3.31,76%,0.272,0.317,0.482,0.21,0.338,1.11,0.24,0.05,1.1,0.66,0.23,0.02,0.2,0.49,0.67,34%,8.68,11.29,8.56,1.65
13472,Kole Calhoun,3900,TEX,OF,LAA,46284,Kole Calhoun,1,false,&nbsp,,Mike Minor,Isiah Kiner-Falefa,Jordan Baker (H),TEX,&nbsp,,-,false,false,3%,false,8.51,4.66,2.85,61%,0.251,0.325,0.438,0.187,0.327,0.95,0.42,0.05,1.04,0.65,0.19,0.02,0.18,0.55,0.73,32%,8.64,11.45,8.51,2.18
14698,Nick Castellanos,4300,CHW,OF,DET,46289,Nicholas Castellanos,3,true,&nbsp,,Lucas Giolito,Kevan Smith,Chris Segal (P),CHW,&nbsp,,-,false,false,3%,false,8.48,4.38,3,68%,0.27,0.334,0.487,0.217,0.346,1,0.35,0.05,1.07,0.61,0.25,0.02,0.19,0.64,0.59,35%,8.55,11.31,8.48,1.97
13286,Lorenzo Cain,5100,CHC,OF,MIL,46285,Lorenzo Cain,1,true,&nbsp,,Mike Montgomery,Willson Contreras,David Rackley (H),MIL,Open,-,true,true,0%,false,8.47,4.42,2.83,64%,0.304,0.39,0.461,0.157,0.367,0.57,0.5,0.05,1.17,0.8,0.24,0.03,0.1,0.37,0.62,0.11,18%,8.49,10.93,8.47,1.66
15181,Christian Yelich,5900,CHC,OF,MIL,46285,Christian Yelich,2,true,&nbsp,,Mike Montgomery,Willson Contreras,David Rackley (H),MIL,Open,P,false,true,0%,false,8.44,4.33,2.73,63%,0.289,0.374,0.473,0.184,0.364,0.79,0.48,0.06,1.09,0.71,0.21,0.01,0.15,0.48,0.65,0.06,28%,8.44,11.06,8.44,1.43
10371,Ian Kinsler,4100,ATL,2B,BOS,46295,Ian Kinsler,2,true,&nbsp,,Sean Newcomb,Kurt Suzuki,Jansen Visconti (N),ATL,&nbsp,,-,true,false,0%,false,8.42,4.64,2.9,63%,0.255,0.339,0.422,0.167,0.329,0.67,0.5,0.03,1.04,0.64,0.25,0.01,0.14,0.5,0.65,25%,8.44,11.12,8.42,2.05
15357,Randal Grichuk,4200,TBR,OF,TOR,46292,Randal Grichuk,4,true,&nbsp,,Jalen Beeks,Jesus Sucre,Quinn Wolcott (P),TOR,Open,-,true,true,5%,false,8.42,4.03,2.02,50%,0.241,0.31,0.523,0.282,0.346,1.19,0.34,0.04,0.87,0.38,0.21,0.02,0.26,0.69,0.62,0.02,47%,8.63,11.63,8.42,2
18018,Steven Souza,3900,SDP,OF,ARI,46296,Steven Souza,1,true,&nbsp,,Joey Lucchesi,A.J. Ellis,Todd Tichenor (N),ARI,Closed,-,true,true,0%,false,8.39,4.35,2.61,60%,0.243,0.349,0.447,0.204,0.343,1.35,0.57,0.04,0.9,0.5,0.2,0.03,0.16,0.47,0.68,0.09,29%,8.41,11.21,8.39,2.15
35086,Tim Anderson,4400,DET,SS,CHW,46289,Tim Anderson,1,true,&nbsp,,Francisco Liriano,Grayson Greiner,Chris Segal (P),CHW,&nbsp,,-,true,true,2%,false,8.33,4.35,2.55,59%,0.277,0.316,0.462,0.185,0.33,1.11,0.22,0.03,1.12,0.73,0.19,0.04,0.16,0.46,0.6,29%,8.4,10.76,8.33,1.89
13612,Adam Eaton,4600,STL,OF,WAS,46288,Adam Eaton,1,true,&nbsp,,John Gant,Yadier Molina,Nic Lentz (H),WAS,&nbsp,,-,true,true,4%,false,8.33,4.41,2.55,58%,0.302,0.391,0.457,0.155,0.368,0.68,0.51,0.07,1.14,0.79,0.21,0.05,0.09,0.41,0.67,17%,8.48,11.03,8.33,1.81
15262,Jose Martinez,4100,WAS,1B/OF,STL,46288,Jose Martinez,3,true,&nbsp,,Erick Fedde,Pedro Severino,Nic Lentz (H),WAS,&nbsp,,-,false,false,5%,false,8.31,4.39,2.99,68%,0.306,0.353,0.476,0.17,0.353,0.74,0.3,0.02,1.23,0.86,0.22,0.01,0.15,0.59,0.59,29%,8.48,10.98,8.31,2.03
10476,Elvis Andrus,3700,LAA,SS,TEX,46284,Elvis Andrus,3,true,&nbsp,,Andrew Heaney,Jose Briceno,Jordan Baker (H),TEX,&nbsp,,-,true,true,0%,false,8.3,4.31,2.83,66%,0.294,0.348,0.461,0.167,0.346,0.58,0.33,0.02,1.15,0.76,0.24,0.03,0.12,0.6,0.55,22%,8.32,10.83,8.3,2.24
10325,Joey Votto,4100,PIT,1B,CIN,46293,Joey Votto,3,true,&nbsp,,Joe Musgrove,Francisco Cervelli,Will Little (P),PIT,&nbsp,,-,true,false,2%,false,8.28,4.34,2.92,67%,0.292,0.407,0.464,0.172,0.372,0.66,0.68,0.04,1.05,0.69,0.22,0.02,0.12,0.54,0.6,23%,8.34,11.1,8.28,2.02
15873,Xander Bogaerts,4600,ATL,SS,BOS,46295,Xander Bogaerts,4,true,&nbsp,,Sean Newcomb,Kurt Suzuki,Jansen Visconti (N),ATL,&nbsp,,-,true,false,3%,false,8.23,4.42,2.74,62%,0.275,0.367,0.437,0.162,0.347,0.81,0.54,0.03,1.05,0.69,0.22,0.02,0.12,0.6,0.55,23%,8.34,11.04,8.23,1.79
36796,Paul DeJong,4200,WAS,SS,STL,46288,Paul DeJong,5,true,&nbsp,,Erick Fedde,Pedro Severino,Nic Lentz (H),WAS,&nbsp,,-,false,false,0%,true,8.22,4.28,2.82,66%,0.266,0.316,0.482,0.216,0.336,1.15,0.24,0.06,1.05,0.61,0.23,0.01,0.2,0.64,0.6,38%,8.22,10.86,8.22,1.96
10516,Shin-Soo Choo,4100,LAA,OF,TEX,46284,Shin-Soo Choo,1,true,&nbsp,,Andrew Heaney,Jose Briceno,Jordan Baker (H),TEX,&nbsp,,-,false,true,0%,false,8.21,4.55,3.06,67%,0.263,0.363,0.427,0.164,0.345,0.96,0.52,0.11,1.02,0.67,0.2,0.02,0.13,0.46,0.69,24%,8.21,10.88,8.21,2
16236,Travis Shaw,4200,CHC,2B/3B,MIL,46285,Travis Shaw,6,true,&nbsp,,Mike Montgomery,Willson Contreras,David Rackley (H),MIL,Open,-,false,true,0%,false,8.2,3.95,2.4,61%,0.268,0.357,0.519,0.251,0.368,0.63,0.44,0.05,0.92,0.51,0.18,0.01,0.22,0.61,0.58,0.03,41%,8.2,10.96,8.2,1.95
10542,Ryan Braun,4300,CHC,1B/OF,MIL,46285,Ryan Braun,4,true,&nbsp,,Mike Montgomery,Willson Contreras,David Rackley (H),MIL,Open,P,true,true,3%,false,8.19,4.11,2.56,62%,0.275,0.349,0.472,0.197,0.349,0.66,0.41,0.03,1,0.62,0.2,0.02,0.16,0.6,0.54,0.09,30%,8.29,10.92,8.19,1.9
10429,Ryan Zimmerman,4000,STL,1B,WAS,46288,Ryan Zimmerman,6,true,&nbsp,,John Gant,Yadier Molina,Nic Lentz (H),WAS,&nbsp,,-,false,true,3%,false,8.12,3.96,2.16,55%,0.283,0.349,0.507,0.224,0.362,0.8,0.34,0.03,1.01,0.6,0.21,0.01,0.19,0.66,0.6,36%,8.28,11.02,8.12,2.03
10351,Justin Smoak,4700,TBR,1B,TOR,46292,Justin Smoak,2,true,&nbsp,,Jalen Beeks,Jesus Sucre,Quinn Wolcott (P),TOR,Open,-,true,true,0%,false,8.11,4.31,2.15,50%,0.246,0.354,0.465,0.219,0.35,1.01,0.61,0.02,0.9,0.49,0.2,0.01,0.19,0.54,0.64,0,36%,8.11,10.91,8.11,1.73
10534,Matt Kemp,4100,NYM,OF,LAD,46297,Matt Kemp,4,false,&nbsp,,Jason Vargas,Devin Mesoraco,Ryan Blakney (EP),LAD,&nbsp,,-,true,true,16%,false,8.1,3.8,1.95,51%,0.287,0.337,0.544,0.257,0.366,0.87,0.27,0.01,1,0.56,0.22,0.01,0.22,0.65,0.58,43%,8.82,11.7,8.1,1.98
10616,Carlos Gomez,3600,TOR,OF,TBR,46292,Carlos Gomez,8,true,&nbsp,,Ryan Borucki,Danny Jansen,Quinn Wolcott (P),TOR,Open,-,true,false,11%,false,8.08,3.82,2.33,61%,0.251,0.324,0.456,0.205,0.334,0.95,0.28,0.1,0.85,0.48,0.21,0.02,0.15,0.53,0.55,0.21,29%,8.48,11.19,8.08,2.24
16282,Carlos Correa,4400,MIN,SS,HOU,46290,Carlos Correa,4,true,&nbsp,,Trevor May,Chris Gimenez,Nick Mahrley (EP),HOU,Closed,-,false,true,0%,true,8.06,4.07,2.33,57%,0.268,0.345,0.481,0.213,0.349,1.05,0.41,0.03,0.97,0.56,0.23,0.01,0.17,0.63,0.58,0.03,33%,8.06,10.76,8.06,1.83
13484,Andrelton Simmons,4100,TEX,SS,LAA,46284,Andrelton Simmons,4,false,&nbsp,,Mike Minor,Isiah Kiner-Falefa,Jordan Baker (H),TEX,&nbsp,,-,true,false,0%,false,8.05,4.44,2.58,58%,0.287,0.337,0.441,0.154,0.332,0.34,0.31,0.02,1.17,0.79,0.24,0.03,0.11,0.59,0.54,21%,8.07,10.46,8.05,1.96
14582,Khris Davis,4400,NYY,OF,OAK,46286,Khris Davis,4,false,&nbsp,,J.A. Happ,Gary Sanchez,Tom Hallion (H),OAK,&nbsp,,-,true,true,0%,true,8.04,4.1,2.93,71%,0.224,0.317,0.48,0.256,0.337,1.3,0.46,0.04,0.8,0.39,0.15,0.01,0.25,0.66,0.59,47%,8.04,10.9,8.04,1.83
17693,David Peralta,4200,SDP,OF,ARI,46296,David Peralta,4,true,&nbsp,,Joey Lucchesi,A.J. Ellis,Todd Tichenor (N),ARI,Closed,-,false,true,3%,false,8.03,4.04,2.36,58%,0.283,0.36,0.483,0.2,0.358,0.78,0.39,0.05,1.01,0.64,0.18,0.05,0.14,0.61,0.56,0.03,28%,8.17,10.8,8.03,1.91
10430,Adrian Beltre,3800,LAA,3B,TEX,46284,Adrian Beltre,5,true,&nbsp,,Andrew Heaney,Jose Briceno,Jordan Baker (H),TEX,&nbsp,,-,true,true,4%,false,8.01,4.07,2.67,66%,0.291,0.356,0.492,0.201,0.359,0.7,0.35,0.04,1.06,0.67,0.22,0.01,0.16,0.6,0.59,31%,8.12,10.72,8.01,2.11
11266,Brandon Crawford,4200,COL,SS,SFG,46291,Brandon Crawford,5,false,&nbsp,,German Marquez,Tony Wolters,Ben May (P),COL,&nbsp,,-,true,false,0%,true,8,4.26,2.86,67%,0.284,0.345,0.474,0.19,0.343,0.79,0.33,0.04,1.09,0.67,0.24,0.04,0.13,0.58,0.55,26%,8,10.46,8,1.9
11202,Welington Castillo,3900,DET,C,CHW,46289,Welington Castillo,3,true,&nbsp,,Francisco Liriano,Grayson Greiner,Chris Segal (P),CHW,&nbsp,,-,true,true,13%,false,8,3.95,2.37,60%,0.263,0.338,0.505,0.242,0.356,1.08,0.37,0.05,0.92,0.54,0.15,0,0.23,0.64,0.59,45%,8.47,11.33,8,2.05
17846,Adalberto Mondesi,4200,CLE,2B/SS,KCR,46287,Adalberto Mondesi,2,true,&nbsp,,Mike Clevinger,Roberto Perez,Joe West (N),CLE,&nbsp,,-,true,false,0%,false,7.98,4.44,3.28,74%,0.222,0.265,0.409,0.187,0.287,1.44,0.25,0.01,0.91,0.5,0.21,0.04,0.16,0.49,0.52,31%,7.98,10.36,7.98,1.9
11156,Francisco Cervelli,3900,CIN,C,PIT,46293,Francisco Cervelli,4,true,&nbsp,,Cody Reed,Tucker Barnhart,Will Little (P),PIT,&nbsp,,-,true,true,8%,false,7.95,4.06,2.42,60%,0.294,0.409,0.456,0.162,0.377,0.75,0.59,0.08,0.98,0.69,0.16,0.03,0.11,0.59,0.57,21%,8.24,11.01,7.95,2.04
15812,Jeimer Candelario,3700,CHW,3B,DET,46289,Jeimer Candelario,1,true,&nbsp,,Lucas Giolito,Kevan Smith,Chris Segal (P),CHW,&nbsp,,-,true,false,0%,true,7.92,4.64,3.23,70%,0.227,0.323,0.418,0.191,0.321,1.09,0.54,0.05,0.91,0.5,0.22,0.02,0.17,0.46,0.65,33%,7.92,10.57,7.92,2.14
10370,Robinson Cano,4200,BAL,2B,SEA,46294,Robinson Cano,3,false,&nbsp,,Alex Cobb,Austin Wynns,John Libka (H),SEA,&nbsp,,-,true,true,0%,false,7.89,4.22,2.9,69%,0.285,0.353,0.465,0.18,0.345,0.52,0.38,0.03,1.08,0.71,0.21,0,0.15,0.59,0.56,30%,7.89,10.39,7.89,1.88
15854,Yasiel Puig,3900,NYM,OF,LAD,46297,Yasiel Puig,8,false,&nbsp,,Jason Vargas,Devin Mesoraco,Ryan Blakney (EP),LAD,&nbsp,,-,true,true,8%,true,7.89,3.63,1.66,46%,0.283,0.351,0.539,0.256,0.371,0.73,0.32,0.03,0.92,0.51,0.19,0.02,0.2,0.54,0.53,40%,8.28,10.89,7.89,2.02
21540,Michael Conforto,3600,LAD,OF,NYM,46297,Michael Conforto,4,false,&nbsp,,Rich Hill,Yasmani Grandal,Ryan Blakney (EP),LAD,&nbsp,,-,false,false,0%,true,7.88,4.26,2.8,66%,0.23,0.333,0.453,0.223,0.336,1.3,0.47,0.1,0.84,0.45,0.17,0.01,0.21,0.57,0.54,41%,7.88,10.58,7.88,2.19
10557,Giancarlo Stanton,4900,OAK,OF,NYY,46286,Giancarlo Stanton,2,false,&nbsp,,Liam Hendriks,Jonathan Lucroy,Tom Hallion (H),OAK,&nbsp,,-,false,false,0%,false,7.87,4.34,1.02,24%,0.226,0.314,0.432,0.206,0.317,1.38,0.45,0.05,0.87,0.48,0.18,0.01,0.2,0.57,0.62,39%,7.87,10.57,7.87,1.61
14880,Joe Panik,3400,COL,2B,SFG,46291,Joe Panik,2,false,&nbsp,,German Marquez,Tony Wolters,Ben May (P),COL,&nbsp,,-,true,false,6%,false,7.83,4.45,3.13,70%,0.297,0.353,0.449,0.152,0.343,0.39,0.34,0.04,1.2,0.81,0.25,0.05,0.09,0.41,0.59,17%,8,10.25,7.83,2.3
13386,Kendrys Morales,4300,TBR,1B,TOR,46292,Kendrys Morales,3,true,&nbsp,,Jalen Beeks,Jesus Sucre,Quinn Wolcott (P),TOR,Open,-,true,true,0%,false,7.81,4.23,2.08,49%,0.251,0.331,0.458,0.207,0.335,0.92,0.44,0.03,0.94,0.55,0.19,0.01,0.19,0.6,0.56,0,37%,7.82,10.45,7.81,1.82
37428,Jordan Luplow,3700,CIN,OF,PIT,46293,Jordan Luplow,6,true,&nbsp,,Cody Reed,Tucker Barnhart,Will Little (P),PIT,&nbsp,,-,true,true,1%,false,7.77,3.99,2.26,57%,0.28,0.365,0.47,0.19,0.356,0.72,0.44,0.04,0.97,0.59,0.23,0.02,0.13,0.56,0.53,25%,7.81,10.34,7.77,2.1
10517,Andrew McCutchen,4100,OAK,OF,NYY,46286,Andrew McCutchen,1,false,&nbsp,,Liam Hendriks,Jonathan Lucroy,Tom Hallion (H),OAK,&nbsp,,-,false,false,1%,false,7.76,4.36,1.06,24%,0.239,0.335,0.402,0.163,0.32,1.05,0.5,0.06,0.9,0.55,0.2,0.02,0.13,0.41,0.58,24%,7.83,10.31,7.76,1.89
37480,Rhys Hoskins,4300,MIA,OF,PHI,46283,Rhys Hoskins,2,true,&nbsp,,Trevor Richards,J.T. Realmuto,Lance Barrett (P),MIA,Closed,-,false,false,2%,false,7.74,4.41,2.98,68%,0.236,0.327,0.437,0.201,0.327,1,0.47,0.07,0.9,0.49,0.22,0.01,0.18,0.48,0.61,0.01,35%,7.8,10.39,7.74,1.8
17857,Hunter Renfroe,4900,ARI,OF,SDP,46296,Hunter Renfroe,3,false,&nbsp,,Robbie Ray,Jeff Mathis,Todd Tichenor (N),ARI,Closed,-,true,false,2%,false,7.73,4.31,3.08,71%,0.223,0.297,0.446,0.223,0.314,1.41,0.38,0.04,0.86,0.42,0.22,0.02,0.2,0.59,0.55,0.01,40%,7.78,10.42,7.73,1.58
36176,Willy Adames,3800,TOR,SS,TBR,46292,Willy Adames,6,true,&nbsp,,Ryan Borucki,Danny Jansen,Quinn Wolcott (P),TOR,Open,-,true,false,4%,false,7.71,4.17,2.57,62%,0.251,0.324,0.42,0.169,0.319,1.11,0.4,0.02,0.94,0.57,0.22,0.03,0.12,0.5,0.51,0.13,23%,7.83,10.27,7.71,2.03
15566,Eugenio Suarez,4700,PIT,3B,CIN,46293,Eugenio Suarez,5,true,&nbsp,,Joe Musgrove,Francisco Cervelli,Will Little (P),PIT,&nbsp,,-,false,false,0%,false,7.7,4.17,2.75,66%,0.264,0.333,0.45,0.186,0.334,0.91,0.34,0.06,0.99,0.62,0.2,0.01,0.16,0.6,0.56,32%,7.7,10.22,7.7,1.64
15652,Whit Merrifield,4600,CLE,2B/OF,KCR,46287,Whit Merrifield,1,true,&nbsp,,Mike Clevinger,Roberto Perez,Joe West (N),CLE,&nbsp,,-,false,false,1%,false,7.68,4.56,3.4,75%,0.256,0.306,0.4,0.144,0.303,1,0.28,0.03,1.07,0.68,0.28,0.01,0.1,0.37,0.52,20%,7.7,9.83,7.68,1.67
15252,Scooter Gennett,4700,PIT,2B,CIN,46293,Scooter Gennett,4,true,&nbsp,,Joe Musgrove,Francisco Cervelli,Will Little (P),PIT,&nbsp,,-,true,false,2%,false,7.63,4.25,2.84,67%,0.276,0.322,0.444,0.168,0.325,0.85,0.25,0.03,1.09,0.71,0.22,0.02,0.13,0.6,0.52,27%,7.68,10.03,7.63,1.62
10275,Nick Hundley,3200,COL,C,SFG,46291,Nick Hundley,6,false,&nbsp,,German Marquez,Tony Wolters,Ben May (P),COL,&nbsp,,-,false,false,0%,true,7.62,4.15,2.74,66%,0.262,0.302,0.469,0.207,0.324,1.18,0.21,0.03,1.01,0.58,0.23,0.02,0.18,0.58,0.54,36%,7.62,10,7.62,2.38
17649,Trey Mancini,3900,SEA,1B/OF,BAL,46294,Trey Mancini,3,false,&nbsp,,Wade LeBlanc,Mike Zunino,John Libka (H),SEA,&nbsp,,-,true,false,6%,false,7.62,4.23,2.6,61%,0.263,0.308,0.465,0.202,0.327,1.04,0.25,0.02,1.03,0.64,0.18,0.02,0.19,0.56,0.52,39%,7.8,10.17,7.62,1.95
11507,Eduardo Escobar,4200,SDP,3B/SS,ARI,46296,Eduardo Escobar,5,true,&nbsp,,Joey Lucchesi,A.J. Ellis,Todd Tichenor (N),ARI,Closed,-,true,true,0%,false,7.59,4.02,2.29,57%,0.255,0.33,0.466,0.211,0.335,0.97,0.39,0.02,0.91,0.49,0.23,0.05,0.14,0.58,0.53,0.02,28%,7.59,10.1,7.59,1.81
16222,Devon Travis,3600,TBR,2B,TOR,46292,Devon Travis,1,true,&nbsp,,Jalen Beeks,Jesus Sucre,Quinn Wolcott (P),TOR,Open,-,true,true,6%,false,7.59,4.27,2.24,52%,0.27,0.32,0.455,0.185,0.329,0.81,0.28,0.03,1.06,0.66,0.23,0.02,0.15,0.44,0.59,0.02,30%,7.81,10.13,7.59,2.11
11254,Todd Frazier,4300,LAD,3B,NYM,46297,Todd Frazier,5,false,&nbsp,,Rich Hill,Yasmani Grandal,Ryan Blakney (EP),LAD,&nbsp,,-,true,false,0%,false,7.58,4.14,2.71,65%,0.209,0.301,0.437,0.228,0.315,1.27,0.44,0.05,0.76,0.38,0.15,0,0.22,0.56,0.53,46%,7.6,10.22,7.58,1.76
14541,Aaron Hicks,4600,OAK,OF,NYY,46286,Aaron Hicks,3,false,&nbsp,,Liam Hendriks,Jonathan Lucroy,Tom Hallion (H),OAK,&nbsp,,-,true,false,0%,false,7.56,4.34,0.98,23%,0.222,0.342,0.388,0.166,0.32,0.94,0.67,0.02,0.8,0.47,0.18,0.04,0.11,0.49,0.49,23%,7.56,10.11,7.56,1.64
15200,Kevin Kiermaier,3500,TOR,OF,TBR,46292,Kevin Kiermaier,7,true,&nbsp,,Ryan Borucki,Danny Jansen,Quinn Wolcott (P),TOR,Open,-,false,false,0%,false,7.53,4.12,2.44,59%,0.245,0.313,0.37,0.125,0.299,0.79,0.33,0.05,0.91,0.62,0.18,0.03,0.08,0.42,0.44,0.26,16%,7.53,9.69,7.53,2.15
15236,Wilmer Flores,3800,LAD,1B,NYM,46297,Wilmer Flores,3,false,&nbsp,,Rich Hill,Yasmani Grandal,Ryan Blakney (EP),LAD,&nbsp,,-,true,false,12%,true,7.53,4.15,2.87,69%,0.257,0.308,0.465,0.208,0.326,0.69,0.27,0.03,0.98,0.57,0.21,0,0.19,0.55,0.52,40%,7.86,10.32,7.53,1.98
16227,Chris Taylor,4100,NYM,OF/SS,LAD,46297,Chris Taylor,6,false,&nbsp,,Jason Vargas,Devin Mesoraco,Ryan Blakney (EP),LAD,&nbsp,,-,true,true,0%,true,7.53,3.98,1.83,46%,0.266,0.332,0.464,0.198,0.339,1.1,0.33,0.03,0.96,0.55,0.23,0.03,0.14,0.47,0.47,28%,7.55,9.83,7.53,1.84
385035,David Fletcher,3500,TEX,2B/3B,LAA,46284,David Fletcher,2,false,&nbsp,,Mike Minor,Isiah Kiner-Falefa,Jordan Baker (H),TEX,&nbsp,,-,true,false,3%,false,7.52,4.56,2.75,60%,0.281,0.318,0.41,0.129,0.313,0.53,0.24,0.03,1.19,0.8,0.29,0.03,0.06,0.45,0.54,13%,7.62,9.74,7.52,2.15
14786,Matt Davidson,4400,DET,1B/3B,CHW,46289,Matt Davidson,4,true,&nbsp,,Francisco Liriano,Grayson Greiner,Chris Segal (P),CHW,&nbsp,,-,true,true,8%,false,7.51,3.95,2.3,58%,0.22,0.322,0.462,0.242,0.334,1.41,0.47,0.05,0.75,0.37,0.15,0,0.22,0.6,0.56,46%,7.76,10.55,7.51,1.71
16207,Nomar Mazara,4000,LAA,OF,TEX,46284,Nomar Mazara,4,true,&nbsp,,Andrew Heaney,Jose Briceno,Jordan Baker (H),TEX,&nbsp,,-,false,true,0%,false,7.51,4.22,2.76,65%,0.262,0.326,0.431,0.169,0.323,0.86,0.32,0.06,1,0.66,0.19,0.02,0.14,0.6,0.54,28%,7.51,9.92,7.51,1.88
13851,Chase d'Arnaud,3300,COL,2B/3B,SFG,46291,Chase d'Arnaud,2,false,&nbsp,,German Marquez,Tony Wolters,Ben May (P),COL,&nbsp,,-,false,false,3%,false,7.5,4.5,3.13,70%,0.243,0.297,0.399,0.156,0.298,1.25,0.26,0.07,1,0.63,0.22,0.04,0.12,0.43,0.57,24%,7.58,9.84,7.5,2.27
37180,Matt Chapman,4400,NYY,3B,OAK,46286,Matt Chapman,2,false,&nbsp,,J.A. Happ,Gary Sanchez,Tom Hallion (H),OAK,&nbsp,,-,true,true,0%,false,7.49,4.3,3.11,72%,0.21,0.308,0.42,0.21,0.313,1.37,0.5,0.03,0.79,0.4,0.18,0.03,0.18,0.5,0.57,37%,7.49,10.06,7.49,1.7
13516,Jean Segura,4600,BAL,SS,SEA,46294,Jean Segura,2,false,&nbsp,,Alex Cobb,Austin Wynns,John Libka (H),SEA,&nbsp,,P,false,true,2%,false,7.46,4.29,3,70%,0.293,0.33,0.4,0.107,0.315,0.52,0.2,0.05,1.17,0.9,0.17,0.02,0.07,0.42,0.5,15%,7.51,9.47,7.46,1.62
10261,Carlos Santana,4000,MIA,1B,PHI,46283,Carlos Santana,1,true,&nbsp,,Trevor Richards,J.T. Realmuto,Lance Barrett (P),MIA,Closed,-,true,false,0%,false,7.43,4.56,3.09,68%,0.206,0.338,0.384,0.178,0.318,0.79,0.74,0.02,0.78,0.44,0.16,0.01,0.16,0.39,0.61,0.01,33%,7.43,10.02,7.43,1.86
10551,Adam Jones,3700,SEA,OF,BAL,46294,Adam Jones,4,false,&nbsp,,Wade LeBlanc,Mike Zunino,John Libka (H),SEA,&nbsp,,-,true,false,2%,false,7.41,4.21,2.53,60%,0.268,0.305,0.457,0.189,0.322,0.75,0.2,0.03,1.06,0.68,0.19,0.01,0.18,0.54,0.49,37%,7.47,9.69,7.41,2
14916,Jonathan Villar,4000,SEA,2B,BAL,46294,Jonathan Villar,1,false,&nbsp,,Wade LeBlanc,Mike Zunino,John Libka (H),SEA,&nbsp,,-,true,false,0%,false,7.4,4.51,2.79,62%,0.239,0.289,0.386,0.147,0.29,1.33,0.29,0.01,1,0.66,0.17,0.04,0.12,0.35,0.5,25%,7.42,9.45,7.4,1.85
15821,Niko Goodrum,3900,CHW,2B/OF,DET,46289,Niko Goodrum,5,true,&nbsp,,Lucas Giolito,Kevan Smith,Chris Segal (P),CHW,&nbsp,,-,true,false,1%,false,7.39,4.22,2.83,67%,0.219,0.301,0.402,0.183,0.303,1.19,0.42,0.03,0.82,0.47,0.18,0.02,0.16,0.5,0.49,32%,7.41,9.81,7.39,1.89
10441,David Freese,3500,NYM,1B/3B,LAD,46297,David Freese,5,false,&nbsp,,Jason Vargas,Devin Mesoraco,Ryan Blakney (EP),LAD,&nbsp,,-,true,true,6%,false,7.38,3.95,1.89,48%,0.276,0.349,0.467,0.191,0.348,0.98,0.35,0.06,0.97,0.62,0.19,0.01,0.16,0.53,0.52,33%,7.61,10.03,7.38,2.11
13551,Jurickson Profar,4300,LAA,3B/SS,TEX,46284,Jurickson Profar,6,true,&nbsp,,Andrew Heaney,Jose Briceno,Jordan Baker (H),TEX,&nbsp,,-,true,true,0%,false,7.37,4.03,2.58,64%,0.274,0.351,0.456,0.182,0.345,0.58,0.38,0.06,0.98,0.6,0.21,0.06,0.1,0.47,0.49,21%,7.37,9.62,7.37,1.71
14944,Wil Myers,4100,ARI,3B/OF,SDP,46296,Wil Myers,5,false,&nbsp,,Robbie Ray,Jeff Mathis,Todd Tichenor (N),ARI,Closed,-,true,false,10%,true,7.36,4.01,2.91,73%,0.221,0.332,0.415,0.194,0.323,1.37,0.55,0.02,0.75,0.41,0.17,0.02,0.15,0.48,0.46,0.11,32%,7.59,10.12,7.36,1.8
17869,Adam Frazier,4200,CIN,2B/OF,PIT,46293,Adam Frazier,2,true,&nbsp,,Cody Reed,Tucker Barnhart,Will Little (P),PIT,&nbsp,,-,false,true,5%,false,7.34,4.28,2.58,60%,0.274,0.35,0.396,0.122,0.328,0.59,0.41,0.07,1.02,0.74,0.18,0.02,0.08,0.41,0.58,16%,7.51,9.78,7.34,1.75
37078,Austin Slater,3900,COL,1B/OF,SFG,46291,Austin Slater,5,false,&nbsp,,German Marquez,Tony Wolters,Ben May (P),COL,&nbsp,,-,false,false,0%,false,7.34,4.25,2.86,67%,0.281,0.333,0.427,0.146,0.326,1.14,0.25,0.06,1.1,0.74,0.25,0.02,0.09,0.5,0.48,20%,7.36,9.51,7.34,1.88
10364,Steve Pearce,3800,ATL,1B/OF,BOS,46295,Steve Pearce,5,true,&nbsp,,Sean Newcomb,Kurt Suzuki,Jansen Visconti (N),ATL,&nbsp,,-,true,false,30%,false,7.32,3.84,2.66,69%,0.256,0.359,0.455,0.199,0.35,0.73,0.49,0.05,0.84,0.49,0.19,0.01,0.15,0.56,0.53,33%,8.3,11.17,7.32,1.93
34682,Willson Contreras,4100,MIL,C,CHC,46285,Willson Contreras,7,true,&nbsp,,Wade Miley,Erik Kratz,David Rackley (H),MIL,Open,-,true,false,0%,false,7.3,4.14,2.04,49%,0.262,0.354,0.435,0.173,0.341,0.96,0.48,0.05,0.94,0.59,0.2,0.02,0.13,0.49,0.47,0.03,27%,7.32,9.65,7.3,1.78
13483,Yasmani Grandal,4100,NYM,C,LAD,46297,Yasmani Grandal,7,false,&nbsp,,Jason Vargas,Devin Mesoraco,Ryan Blakney (EP),LAD,&nbsp,,-,true,true,0%,true,7.3,3.91,1.74,45%,0.242,0.338,0.468,0.226,0.343,1.04,0.49,0.02,0.82,0.44,0.17,0.01,0.19,0.53,0.52,40%,7.32,9.81,7.3,1.78
10580,Alex Gordon,3800,CLE,OF,KCR,46287,Alex Gordon,3,true,&nbsp,,Mike Clevinger,Roberto Perez,Joe West (N),CLE,&nbsp,,-,true,false,0%,false,7.3,4.33,3.16,73%,0.238,0.325,0.401,0.163,0.315,1.11,0.44,0.07,0.91,0.57,0.19,0.01,0.14,0.49,0.48,29%,7.3,9.64,7.3,1.92
36240,Yairo Munoz,3800,WAS,2B/SS,STL,46288,Yairo Munoz,2,true,&nbsp,,Erick Fedde,Pedro Severino,Nic Lentz (H),WAS,&nbsp,,-,false,false,2%,false,7.29,4.54,3.08,68%,0.263,0.3,0.398,0.135,0.298,0.97,0.21,0.03,1.12,0.78,0.22,0.01,0.11,0.41,0.54,23%,7.33,9.35,7.29,1.92
18804,Chris Davis,3000,SEA,1B,BAL,46294,Chris Davis,5,false,&nbsp,,Wade LeBlanc,Mike Zunino,John Libka (H),SEA,&nbsp,,-,false,false,0%,false,7.28,4.16,2.45,59%,0.212,0.289,0.439,0.227,0.308,1.42,0.35,0.07,0.79,0.41,0.15,0,0.23,0.53,0.53,49%,7.28,9.75,7.28,2.43
10270,Yadier Molina,3800,WAS,C,STL,46288,Yadier Molina,6,true,&nbsp,,Erick Fedde,Pedro Severino,Nic Lentz (H),WAS,&nbsp,,-,false,false,2%,true,7.28,4.14,2.7,65%,0.292,0.331,0.451,0.159,0.333,0.55,0.2,0.04,1.13,0.78,0.21,0,0.13,0.49,0.46,28%,7.33,9.39,7.28,1.92
16198,Odubel Herrera,4100,MIA,OF,PHI,46283,Odubel Herrera,3,true,&nbsp,,Trevor Richards,J.T. Realmuto,Lance Barrett (P),MIA,Closed,-,true,false,1%,false,7.23,4.33,2.89,67%,0.252,0.315,0.403,0.151,0.309,0.92,0.33,0.04,0.99,0.69,0.15,0.03,0.13,0.49,0.49,0.04,28%,7.26,9.44,7.23,1.76
34734,Tyler White,4200,MIN,1B,HOU,46290,Tyler White,5,true,&nbsp,,Trevor May,Chris Gimenez,Nick Mahrley (EP),HOU,Closed,-,false,true,3%,false,7.22,3.95,2.26,57%,0.244,0.322,0.444,0.2,0.327,1,0.36,0.05,0.86,0.49,0.19,0.01,0.17,0.55,0.54,0.02,35%,7.31,9.77,7.22,1.72
13455,Gregor Blanco,3000,COL,OF,SFG,46291,Gregor Blanco,1,false,&nbsp,,German Marquez,Tony Wolters,Ben May (P),COL,&nbsp,,-,true,false,15%,false,7.21,4.45,3.24,73%,0.262,0.327,0.39,0.128,0.311,0.98,0.39,0.02,1.05,0.72,0.19,0.07,0.06,0.31,0.53,12%,7.58,9.65,7.21,2.4
15633,Marcus Semien,4000,NYY,SS,OAK,46286,Marcus Semien,1,false,&nbsp,,J.A. Happ,Gary Sanchez,Tom Hallion (H),OAK,&nbsp,,-,true,true,0%,false,7.2,4.43,3.24,73%,0.234,0.31,0.389,0.155,0.303,1.03,0.44,0.01,0.92,0.58,0.19,0.03,0.12,0.38,0.53,25%,7.2,9.39,7.2,1.8
17884,Teoscar Hernandez,4200,TBR,OF,TOR,46292,Teoscar Hernandez,6,true,&nbsp,,Jalen Beeks,Jesus Sucre,Quinn Wolcott (P),TOR,Open,-,true,true,2%,false,7.19,3.94,1.89,48%,0.232,0.306,0.456,0.224,0.323,1.26,0.36,0.03,0.82,0.42,0.2,0.03,0.18,0.5,0.5,0.03,38%,7.27,9.66,7.19,1.71
11373,Kyle Seager,3500,BAL,3B,SEA,46294,Kyle Seager,7,false,&nbsp,,Alex Cobb,Austin Wynns,John Libka (H),SEA,&nbsp,,H,true,true,0%,true,7.18,3.81,2.51,66%,0.26,0.333,0.468,0.208,0.337,0.63,0.35,0.04,0.88,0.53,0.17,0.01,0.17,0.53,0.52,36%,7.18,9.52,7.18,2.05
15422,Ender Inciarte,4300,BOS,OF,ATL,46295,Ender Inciarte,2,true,&nbsp,,Rick Porcello,Sandy Leon,Jansen Visconti (N),ATL,&nbsp,,-,true,true,4%,false,7.18,4.27,3.2,75%,0.28,0.326,0.404,0.124,0.315,0.62,0.27,0.02,1.1,0.8,0.19,0.03,0.08,0.36,0.51,17%,7.24,9.17,7.18,1.67
10464,Eduardo Nunez,3700,ATL,2B/3B,BOS,46295,Eduardo Nunez,6,true,&nbsp,,Sean Newcomb,Kurt Suzuki,Jansen Visconti (N),ATL,&nbsp,,-,true,false,0%,false,7.16,4.25,2.54,60%,0.268,0.308,0.396,0.128,0.303,0.64,0.23,0.02,1.06,0.75,0.2,0.03,0.09,0.46,0.41,18%,7.18,9.14,7.16,1.94
16357,Jose Peraza,3900,PIT,SS,CIN,46293,Jose Peraza,2,true,&nbsp,,Joe Musgrove,Francisco Cervelli,Will Little (P),PIT,&nbsp,,-,false,false,2%,false,7.13,4.43,3.01,68%,0.286,0.316,0.386,0.1,0.303,0.51,0.16,0.05,1.18,0.9,0.2,0.03,0.05,0.35,0.49,10%,7.18,8.97,7.13,1.83
493497,Taylor Ward,3500,TEX,3B,LAA,46284,Taylor Ward,7,false,&nbsp,,Mike Minor,Isiah Kiner-Falefa,Jordan Baker (H),TEX,&nbsp,,-,true,false,8%,false,7.11,4.01,2.31,58%,0.264,0.336,0.432,0.168,0.33,0.86,0.38,0.02,0.94,0.61,0.19,0.01,0.13,0.5,0.5,28%,7.37,9.69,7.11,2.03
15860,Mike Zunino,3200,BAL,C,SEA,46294,Mike Zunino,8,false,&nbsp,,Alex Cobb,Austin Wynns,John Libka (H),SEA,&nbsp,,H,false,true,0%,true,7.1,3.7,2.4,65%,0.233,0.304,0.471,0.238,0.328,1.14,0.25,0.1,0.77,0.41,0.15,0.01,0.21,0.56,0.57,45%,7.1,9.55,7.1,2.22
17468,Joey Wendle,4300,TOR,2B,TBR,46292,Joey Wendle,5,true,&nbsp,,Ryan Borucki,Danny Jansen,Quinn Wolcott (P),TOR,Open,-,false,false,2%,false,7.07,4.3,2.65,62%,0.257,0.307,0.367,0.11,0.293,0.73,0.23,0.07,1.02,0.71,0.24,0.02,0.06,0.44,0.43,0.15,12%,7.14,9.14,7.07,1.64
37543,Alex Verdugo,3700,NYM,OF,LAD,46297,Alex Verdugo,5,false,&nbsp,,Jason Vargas,Devin Mesoraco,Ryan Blakney (EP),LAD,&nbsp,,-,false,true,2%,false,7.06,4.03,1.89,47%,0.277,0.335,0.43,0.153,0.326,0.57,0.31,0.03,1.01,0.69,0.21,0.01,0.11,0.47,0.46,24%,7.15,9.26,7.06,1.91
17802,Yandy Diaz,3600,KCR,3B,CLE,46287,Yandy Diaz,2,true,&nbsp,,Danny Duffy,Cam Gallagher,Joe West (N),CLE,&nbsp,,H,true,true,14%,true,7.05,4.15,2.89,70%,0.285,0.373,0.412,0.127,0.343,0.76,0.52,0.01,1.02,0.73,0.2,0.02,0.07,0.4,0.52,15%,7.39,9.64,7.05,1.96
34708,Jose Rondon,3800,DET,3B/SS,CHW,46289,Jose Rondon,2,true,&nbsp,,Francisco Liriano,Grayson Greiner,Chris Segal (P),CHW,&nbsp,,-,true,true,20%,false,7.05,3.91,2.45,63%,0.257,0.311,0.44,0.183,0.321,0.98,0.28,0.02,0.91,0.57,0.18,0.02,0.15,0.45,0.5,32%,7.67,10,7.05,1.86
10373,Ben Zobrist,4500,MIL,2B/OF,CHC,46285,Ben Zobrist,6,true,&nbsp,,Wade Miley,Erik Kratz,David Rackley (H),MIL,Open,-,true,false,0%,false,7.03,4.24,2.12,50%,0.267,0.363,0.415,0.148,0.338,0.65,0.56,0.01,0.97,0.63,0.23,0.03,0.08,0.43,0.43,0.01,18%,7.05,9.22,7.03,1.56
10536,Jay Bruce,2900,LAD,OF,NYM,46297,Jay Bruce,6,false,&nbsp,,Rich Hill,Yasmani Grandal,Ryan Blakney (EP),LAD,&nbsp,,-,false,false,0%,false,6.98,4.04,2.59,64%,0.216,0.295,0.436,0.22,0.309,1.09,0.38,0.04,0.78,0.39,0.17,0.01,0.2,0.49,0.47,44%,6.98,9.3,6.98,2.41
35313,Ryon Healy,3900,BAL,1B,SEA,46294,Ryon Healy,6,false,&nbsp,,Alex Cobb,Austin Wynns,John Libka (H),SEA,&nbsp,,-,false,true,2%,false,6.98,3.89,2.63,68%,0.273,0.309,0.457,0.184,0.324,0.73,0.18,0.03,0.99,0.65,0.18,0,0.16,0.52,0.5,36%,7.03,9.15,6.98,1.79
10533,Nick Markakis,4100,BOS,OF,ATL,46295,Nick Markakis,4,true,&nbsp,,Rick Porcello,Sandy Leon,Jansen Visconti (N),ATL,&nbsp,,-,true,true,0%,true,6.98,4.11,3,73%,0.285,0.351,0.426,0.141,0.333,0.58,0.37,0.02,1.05,0.73,0.22,0.01,0.1,0.49,0.45,21%,6.98,9.06,6.98,1.7
35260,Andrew Toles,3900,NYM,OF,LAD,46297,Andrew Toles,6,false,&nbsp,,Jason Vargas,Devin Mesoraco,Ryan Blakney (EP),LAD,&nbsp,,-,false,true,2%,false,6.97,3.94,1.83,46%,0.269,0.317,0.429,0.16,0.317,0.84,0.23,0.04,0.98,0.63,0.22,0.02,0.11,0.43,0.41,24%,7.05,9.04,6.97,1.79
14703,Hernan Perez,4100,CHC,2B/OF,MIL,46285,Hernan Perez,5,true,&nbsp,,Mike Montgomery,Willson Contreras,David Rackley (H),MIL,Open,-,true,true,9%,false,6.97,3.9,2.49,64%,0.267,0.311,0.427,0.16,0.315,0.63,0.23,0.02,0.96,0.64,0.19,0.02,0.11,0.49,0.44,0.09,25%,7.24,9.36,6.97,1.7
10289,Wilson Ramos,4100,MIA,C,PHI,46283,Wilson Ramos,4,true,&nbsp,,Trevor Richards,J.T. Realmuto,Lance Barrett (P),MIA,Closed,-,false,false,2%,false,6.95,4.23,2.81,66%,0.26,0.302,0.414,0.154,0.305,0.75,0.24,0.02,1.02,0.7,0.18,0,0.14,0.55,0.46,0,31%,7,9.1,6.95,1.7
15038,Gary Sanchez,4000,OAK,C,NYY,46286,Gary Sanchez,5,false,&nbsp,,Liam Hendriks,Jonathan Lucroy,Tom Hallion (H),OAK,&nbsp,,-,false,false,0%,false,6.94,4.23,0.93,22%,0.219,0.292,0.394,0.175,0.295,1.12,0.34,0.06,0.83,0.49,0.18,0,0.16,0.52,0.49,35%,6.94,9.23,6.94,1.74
36549,Jose Miguel Fernandez,3000,TEX,1B,LAA,46284,Jose  Miguel Fernandez,5,false,&nbsp,,Mike Minor,Isiah Kiner-Falefa,Jordan Baker (H),TEX,&nbsp,,-,false,false,2%,false,6.91,4.31,2.5,58%,0.26,0.319,0.39,0.13,0.305,0.53,0.29,0.06,1.02,0.73,0.18,0.01,0.1,0.49,0.48,23%,6.99,9.1,6.91,2.3
35706,Yoan Moncada,4300,DET,2B,CHW,46289,Yoan Moncada,6,true,&nbsp,,Francisco Liriano,Grayson Greiner,Chris Segal (P),CHW,&nbsp,,-,true,true,3%,false,6.88,3.89,2.15,55%,0.233,0.333,0.408,0.175,0.321,1.34,0.48,0.03,0.78,0.48,0.15,0.04,0.12,0.39,0.43,27%,6.97,9.15,6.88,1.6
15551,Billy Hamilton,3800,PIT,OF,CIN,46293,Billy Hamilton,1,true,&nbsp,,Joe Musgrove,Francisco Cervelli,Will Little (P),PIT,&nbsp,,-,true,false,2%,false,6.88,4.55,3.12,69%,0.23,0.282,0.32,0.09,0.265,0.99,0.31,0.01,0.96,0.71,0.17,0.05,0.04,0.28,0.46,8%,6.93,8.73,6.88,1.81
37410,Harrison Bader,3800,WAS,OF,STL,46288,Harrison Bader,8,true,&nbsp,,Erick Fedde,Pedro Severino,Nic Lentz (H),WAS,&nbsp,,-,false,false,3%,false,6.87,3.91,2.49,64%,0.261,0.312,0.424,0.163,0.315,1.13,0.21,0.07,0.94,0.62,0.18,0.01,0.13,0.43,0.43,29%,6.94,8.95,6.87,1.81
16168,Kevin Pillar,3800,TBR,OF,TOR,46292,Kevin Pillar,5,true,&nbsp,,Jalen Beeks,Jesus Sucre,Quinn Wolcott (P),TOR,Open,-,true,true,4%,false,6.87,3.99,1.96,49%,0.263,0.31,0.439,0.176,0.319,0.71,0.23,0.04,0.97,0.57,0.27,0.02,0.12,0.45,0.44,0.04,26%,7.01,9.09,6.87,1.81
16312,Mikie Mahtook,3600,CHW,OF,DET,46289,Mikie Mahtook,6,true,&nbsp,,Lucas Giolito,Kevan Smith,Chris Segal (P),CHW,&nbsp,,-,false,false,3%,false,6.86,4.08,2.74,67%,0.238,0.309,0.402,0.164,0.307,1.09,0.3,0.09,0.87,0.54,0.18,0.02,0.13,0.44,0.44,29%,6.92,9.04,6.86,1.91
16148,Albert Almora,3900,MIL,OF,CHC,46285,Albert Almora Jr.,1,true,&nbsp,,Wade Miley,Erik Kratz,David Rackley (H),MIL,Open,-,true,false,21%,false,6.85,4.22,2.51,59%,0.276,0.33,0.414,0.138,0.321,0.72,0.31,0.02,1.06,0.72,0.24,0.02,0.09,0.34,0.53,0.02,19%,7.55,9.67,6.85,1.76
18014,Jackie Bradley,4000,ATL,OF,BOS,46295,Jackie Bradley Jr.,7,true,&nbsp,,Sean Newcomb,Kurt Suzuki,Jansen Visconti (N),ATL,&nbsp,,-,false,false,0%,false,6.85,4.16,2.45,59%,0.218,0.321,0.37,0.152,0.304,1.16,0.46,0.1,0.78,0.49,0.16,0.01,0.12,0.47,0.45,27%,6.85,9.13,6.85,1.71
15528,Nick Ahmed,3900,SDP,SS,ARI,46296,Nick Ahmed,6,true,&nbsp,,Joey Lucchesi,A.J. Ellis,Todd Tichenor (N),ARI,Closed,-,true,true,3%,true,6.82,3.86,2.21,57%,0.244,0.311,0.426,0.182,0.314,0.88,0.33,0.02,0.85,0.5,0.18,0.04,0.12,0.48,0.45,0.06,27%,6.9,9.07,6.82,1.75
10541,Denard Span,4300,BAL,OF,SEA,46294,Denard Span,5,false,&nbsp,,Alex Cobb,Austin Wynns,John Libka (H),SEA,&nbsp,,-,true,true,2%,false,6.81,4,2.73,68%,0.27,0.336,0.405,0.135,0.322,0.49,0.35,0.03,0.97,0.68,0.18,0.02,0.09,0.42,0.44,19%,6.86,8.86,6.81,1.58
18007,Enrique Hernandez,4200,NYM,OF/SS,LAD,46297,Kike Hernandez,6,false,&nbsp,,Jason Vargas,Devin Mesoraco,Ryan Blakney (EP),LAD,&nbsp,,-,true,true,29%,false,6.81,3.36,1.83,54%,0.264,0.334,0.519,0.255,0.357,0.7,0.32,0.02,0.79,0.41,0.18,0.01,0.19,0.49,0.48,44%,7.98,10.6,6.81,1.62
36536,David Bote,3800,MIL,3B,CHC,46285,David Bote,5,true,&nbsp,,Wade Miley,Erik Kratz,David Rackley (H),MIL,Open,-,true,false,20%,true,6.79,3.89,2.22,57%,0.244,0.324,0.418,0.174,0.319,0.98,0.38,0.04,0.84,0.52,0.18,0.01,0.13,0.5,0.47,0.03,31%,7.49,9.94,6.79,1.79
17593,Brian Goodwin,3700,CLE,OF,KCR,46287,Brian Goodwin,6,true,&nbsp,,Mike Clevinger,Roberto Perez,Joe West (N),CLE,&nbsp,,-,true,false,5%,false,6.79,3.96,2.89,73%,0.229,0.302,0.419,0.19,0.309,1.2,0.36,0.02,0.81,0.45,0.19,0.02,0.15,0.43,0.44,34%,6.91,9.08,6.79,1.84
16346,Joey Rickard,3400,SEA,OF,BAL,46294,Joey Rickard,2,false,&nbsp,,Wade LeBlanc,Mike Zunino,John Libka (H),SEA,&nbsp,,-,true,false,4%,false,6.78,4.33,2.69,62%,0.245,0.3,0.393,0.148,0.298,0.92,0.3,0.03,0.97,0.63,0.2,0.02,0.12,0.39,0.47,26%,6.9,8.91,6.78,1.99
16178,Scott Schebler,4200,PIT,OF,CIN,46293,Scott Schebler,6,true,&nbsp,,Joe Musgrove,Francisco Cervelli,Will Little (P),PIT,&nbsp,,-,true,false,11%,false,6.77,3.89,2.63,68%,0.243,0.309,0.43,0.187,0.314,0.89,0.27,0.08,0.85,0.5,0.19,0.03,0.14,0.49,0.46,32%,7.06,9.32,6.77,1.61
18017,Jim Adduci,3400,CHW,1B,DET,46289,Jim Adduci,2,true,&nbsp,,Lucas Giolito,Kevan Smith,Chris Segal (P),CHW,&nbsp,,-,true,false,24%,false,6.76,4.17,3.11,75%,0.236,0.301,0.376,0.14,0.293,0.99,0.34,0.02,0.89,0.59,0.18,0.02,0.1,0.4,0.46,23%,7.31,9.49,6.76,1.99
36128,Jose Osuna,3200,CIN,1B/OF,PIT,46293,Jose Osuna,5,true,&nbsp,,Cody Reed,Tucker Barnhart,Will Little (P),PIT,&nbsp,,-,true,true,37%,false,6.74,3.46,2.35,68%,0.294,0.352,0.479,0.185,0.353,0.55,0.27,0.03,0.92,0.56,0.24,0.02,0.1,0.52,0.47,24%,7.9,10.4,6.74,2.11
518307,Chris Shaw,4000,COL,OF,SFG,46291,Chris Shaw,7,false,&nbsp,,German Marquez,Tony Wolters,Ben May (P),COL,&nbsp,,-,true,false,5%,false,6.73,3.96,2.64,67%,0.243,0.292,0.434,0.191,0.308,1.31,0.22,0.04,0.9,0.51,0.22,0.02,0.15,0.5,0.46,34%,6.87,9.02,6.73,1.68
37435,Ozzie Albies,4400,BOS,2B,ATL,46295,Ozzie Albies,7,true,&nbsp,,Rick Porcello,Sandy Leon,Jansen Visconti (N),ATL,&nbsp,,-,true,true,2%,false,6.72,3.75,2.68,71%,0.264,0.312,0.45,0.186,0.324,0.74,0.23,0.03,0.91,0.55,0.21,0.03,0.13,0.45,0.42,29%,6.75,8.75,6.72,1.53
16161,Alen Hanson,3700,COL,2B/OF,SFG,46291,Alen Hanson,8,false,&nbsp,,German Marquez,Tony Wolters,Ben May (P),COL,&nbsp,,-,true,false,12%,true,6.71,3.74,2.52,67%,0.265,0.305,0.444,0.179,0.318,0.72,0.2,0.02,0.92,0.56,0.2,0.07,0.1,0.41,0.4,22%,7.05,9.01,6.71,1.81
11190,Brandon Guyer,3100,KCR,OF,CLE,46287,Brandon Guyer,5,true,&nbsp,,Danny Duffy,Cam Gallagher,Joe West (N),CLE,&nbsp,,-,true,true,40%,false,6.71,3.49,2.63,75%,0.261,0.343,0.473,0.212,0.35,0.69,0.25,0.15,0.8,0.45,0.18,0.01,0.15,0.49,0.49,34%,7.79,10.37,6.71,2.16
10483,Asdrubal Cabrera,3900,MIA,2B/SS,PHI,46283,Asdrubal Cabrera,5,true,&nbsp,,Trevor Richards,J.T. Realmuto,Lance Barrett (P),MIA,Closed,-,true,false,3%,true,6.7,4.1,2.73,67%,0.227,0.298,0.403,0.176,0.301,0.85,0.35,0.03,0.84,0.5,0.18,0.01,0.15,0.5,0.46,0.01,34%,6.8,9.01,6.7,1.72
10548,Brett Gardner,4300,OAK,OF,NYY,46286,Brett Gardner,9,false,&nbsp,,Liam Hendriks,Jonathan Lucroy,Tom Hallion (H),OAK,&nbsp,,-,true,false,0%,true,6.7,4.07,0.77,19%,0.233,0.338,0.354,0.121,0.308,0.79,0.53,0.04,0.8,0.56,0.13,0.05,0.06,0.32,0.41,14%,6.7,8.7,6.7,1.56
13505,Gorkys Hernandez,3900,COL,OF,SFG,46291,Gorkys Hernandez,7,false,&nbsp,,German Marquez,Tony Wolters,Ben May (P),COL,&nbsp,,-,false,false,5%,false,6.69,3.96,2.64,67%,0.267,0.312,0.422,0.155,0.314,1.03,0.21,0.05,0.97,0.64,0.21,0.02,0.11,0.45,0.42,25%,6.83,8.8,6.69,1.72
36162,Amed Rosario,3600,LAD,SS,NYM,46297,Amed Rosario,1,false,&nbsp,,Rich Hill,Yasmani Grandal,Ryan Blakney (EP),LAD,&nbsp,,-,true,false,2%,false,6.68,4.52,3.07,68%,0.233,0.276,0.35,0.117,0.27,1.3,0.24,0.03,0.98,0.67,0.21,0.03,0.08,0.28,0.43,18%,6.72,8.46,6.68,1.86
35357,Yulieski Gurriel,4000,MIN,1B,HOU,46290,Yulieski Gurriel,6,true,&nbsp,,Trevor May,Chris Gimenez,Nick Mahrley (EP),HOU,Closed,-,false,true,0%,false,6.67,3.91,2.18,56%,0.28,0.319,0.44,0.16,0.321,0.55,0.18,0.04,1.02,0.64,0.28,0.01,0.1,0.44,0.43,0.03,22%,6.67,8.58,6.67,1.67
10535,Hunter Pence,3700,COL,OF,SFG,46291,Hunter Pence,6,false,&nbsp,,German Marquez,Tony Wolters,Ben May (P),COL,&nbsp,,-,false,false,6%,false,6.67,4.06,2.74,67%,0.269,0.31,0.421,0.152,0.312,1,0.21,0.03,1.02,0.69,0.2,0.03,0.1,0.46,0.43,24%,6.82,8.76,6.67,1.8
10579,Melky Cabrera,4000,KCR,OF,CLE,46287,Melky Cabrera,6,true,&nbsp,,Danny Duffy,Cam Gallagher,Joe West (N),CLE,&nbsp,,-,true,true,3%,false,6.66,3.91,2.54,65%,0.279,0.325,0.439,0.16,0.326,0.57,0.25,0.01,1.01,0.66,0.22,0.02,0.1,0.45,0.45,24%,6.76,8.73,6.66,1.67
10259,Victor Martinez,3300,CHW,1B,DET,46289,Victor Martinez,4,true,&nbsp,,Lucas Giolito,Kevan Smith,Chris Segal (P),CHW,&nbsp,,-,true,false,4%,false,6.66,4.26,2.92,69%,0.239,0.308,0.383,0.144,0.298,0.5,0.36,0.03,0.92,0.61,0.18,0.01,0.12,0.5,0.45,28%,6.77,8.91,6.66,2.02
18004,J.T. Realmuto,4700,PHI,C,MIA,46283,J.T. Realmuto,3,true,&nbsp,,Jake Arrieta,Wilson Ramos,Lance Barrett (P),MIA,Closed,-,false,true,1%,false,6.64,4.08,3.25,80%,0.26,0.309,0.399,0.139,0.304,0.71,0.23,0.06,0.98,0.67,0.19,0.02,0.1,0.45,0.44,0.04,22%,6.66,8.59,6.64,1.41
490053,Cedric Mullins,4000,SEA,OF,BAL,46294,Cedric Mullins II,1,false,&nbsp,,Wade LeBlanc,Mike Zunino,John Libka (H),SEA,&nbsp,,-,true,false,3%,false,6.64,4.46,2.79,63%,0.234,0.278,0.379,0.145,0.281,0.99,0.25,0.01,0.97,0.62,0.2,0.05,0.1,0.33,0.46,22%,6.73,8.58,6.64,1.66
15782,Ketel Marte,3700,SDP,2B/SS,ARI,46296,Ketel Marte,7,true,&nbsp,,Joey Lucchesi,A.J. Ellis,Todd Tichenor (N),ARI,Closed,-,true,true,1%,false,6.63,3.8,2.11,56%,0.28,0.348,0.441,0.161,0.337,0.63,0.36,0.01,0.95,0.61,0.19,0.08,0.07,0.41,0.38,0.04,15%,6.67,8.57,6.63,1.79
36186,Miguel Andujar,4800,OAK,3B,NYY,46286,Miguel Andujar,4,false,&nbsp,,Liam Hendriks,Jonathan Lucroy,Tom Hallion (H),OAK,&nbsp,,-,false,false,2%,false,6.63,4.21,0.96,23%,0.245,0.286,0.389,0.144,0.288,0.86,0.2,0.04,0.97,0.62,0.23,0.02,0.1,0.49,0.42,24%,6.74,8.73,6.63,1.38
11184,Eric Hosmer,3200,ARI,1B,SDP,46296,Eric Hosmer,4,false,&nbsp,,Robbie Ray,Jeff Mathis,Todd Tichenor (N),ARI,Closed,-,false,false,0%,false,6.61,4.25,3,71%,0.235,0.299,0.376,0.141,0.291,1.13,0.34,0.02,0.91,0.61,0.17,0.02,0.11,0.48,0.41,0.03,27%,6.61,8.62,6.61,2.07
13480,Jordy Mercer,3500,CIN,SS,PIT,46293,Jordy Mercer,8,true,&nbsp,,Cody Reed,Tucker Barnhart,Will Little (P),PIT,&nbsp,,-,true,true,5%,false,6.56,3.72,2.06,55%,0.29,0.36,0.442,0.152,0.342,0.57,0.35,0.04,0.95,0.64,0.21,0.02,0.09,0.44,0.43,20%,6.7,8.72,6.56,1.87
11267,Josh Reddick,3900,MIN,OF,HOU,46290,Josh Reddick,7,true,&nbsp,,Trevor May,Chris Gimenez,Nick Mahrley (EP),HOU,Closed,-,true,true,4%,true,6.54,3.76,2.08,55%,0.244,0.329,0.413,0.169,0.318,0.75,0.43,0.01,0.8,0.51,0.15,0.03,0.12,0.45,0.44,0.04,28%,6.66,8.79,6.54,1.68
14725,Tim Beckham,3500,SEA,3B/SS,BAL,46294,Tim Beckham,6,false,&nbsp,,Wade LeBlanc,Mike Zunino,John Libka (H),SEA,&nbsp,,-,true,false,0%,false,6.53,4.04,2.37,59%,0.24,0.289,0.417,0.177,0.301,1.12,0.25,0.02,0.9,0.56,0.16,0.03,0.15,0.42,0.43,36%,6.55,8.47,6.53,1.87
17933,Manuel Margot,3600,ARI,OF,SDP,46296,Manuel Margot,7,false,&nbsp,,Robbie Ray,Jeff Mathis,Todd Tichenor (N),ARI,Closed,-,true,false,0%,false,6.5,3.9,2.68,69%,0.248,0.311,0.406,0.158,0.308,0.9,0.32,0.02,0.87,0.54,0.19,0.08,0.07,0.36,0.33,0.11,17%,6.52,8.32,6.5,1.81
38044,Gleyber Torres,4900,OAK,2B,NYY,46286,Gleyber Torres,6,false,&nbsp,,Liam Hendriks,Jonathan Lucroy,Tom Hallion (H),OAK,&nbsp,,-,false,false,1%,false,6.5,4.12,0.9,22%,0.229,0.296,0.369,0.14,0.288,1.19,0.34,0.03,0.85,0.55,0.18,0.02,0.1,0.4,0.4,24%,6.55,8.51,6.5,1.33
10405,Jed Lowrie,4200,NYY,2B,OAK,46286,Jed Lowrie,3,false,&nbsp,,J.A. Happ,Gary Sanchez,Tom Hallion (H),OAK,&nbsp,,-,true,true,0%,false,6.49,4.2,3.01,72%,0.239,0.327,0.384,0.145,0.31,0.92,0.47,0.02,0.88,0.55,0.22,0.03,0.09,0.43,0.41,20%,6.49,8.53,6.49,1.55
10265,Kurt Suzuki,3900,BOS,C,ATL,46295,Kurt Suzuki,6,true,&nbsp,,Rick Porcello,Sandy Leon,Jansen Visconti (N),ATL,&nbsp,,-,false,true,0%,false,6.49,3.89,2.81,72%,0.263,0.311,0.429,0.166,0.315,0.46,0.17,0.1,0.94,0.61,0.19,0,0.13,0.47,0.43,30%,6.49,8.45,6.49,1.66
521680,Pablo Reyes,3100,CIN,2B,PIT,46293,Pablo Reyes,7,true,&nbsp,,Cody Reed,Tucker Barnhart,Will Little (P),PIT,&nbsp,,-,true,true,8%,false,6.47,3.76,2.16,57%,0.268,0.33,0.4,0.132,0.318,0.64,0.32,0.02,0.9,0.6,0.22,0.02,0.06,0.42,0.38,15%,6.72,8.69,6.47,2.09
15030,Jefry Marte,3700,TEX,1B/3B,LAA,46284,Jefry Marte,6,false,&nbsp,,Mike Minor,Isiah Kiner-Falefa,Jordan Baker (H),TEX,&nbsp,,-,true,false,44%,false,6.47,3.44,2.42,70%,0.25,0.306,0.468,0.218,0.327,0.73,0.24,0.03,0.79,0.44,0.18,0.01,0.16,0.49,0.48,41%,7.91,10.51,6.47,1.75
11408,Jason Kipnis,4100,KCR,2B,CLE,46287,Jason Kipnis,7,true,&nbsp,,Danny Duffy,Cam Gallagher,Joe West (N),CLE,&nbsp,,-,false,true,0%,false,6.47,3.88,2.43,63%,0.248,0.313,0.409,0.161,0.311,0.71,0.32,0.04,0.86,0.53,0.21,0.01,0.11,0.45,0.44,26%,6.47,8.49,6.47,1.58
38031,Danny Jansen,3500,TBR,C,TOR,46292,Danny Jansen,7,true,&nbsp,,Jalen Beeks,Jesus Sucre,Quinn Wolcott (P),TOR,Open,-,true,true,8%,false,6.45,3.75,1.81,48%,0.248,0.339,0.431,0.183,0.331,0.69,0.4,0.06,0.81,0.47,0.2,0.01,0.12,0.41,0.43,0.02,30%,6.76,8.93,6.45,1.84
36167,Johan Camargo,4200,BOS,3B,ATL,46295,Johan Camargo,5,true,&nbsp,,Rick Porcello,Sandy Leon,Jansen Visconti (N),ATL,&nbsp,,-,true,true,2%,false,6.45,3.99,2.91,73%,0.242,0.292,0.405,0.163,0.299,0.89,0.26,0.02,0.89,0.55,0.2,0.01,0.12,0.49,0.45,30%,6.48,8.51,6.45,1.54
16136,Stephen Piscotty,4200,NYY,OF,OAK,46286,Stephen Piscotty,5,false,&nbsp,,J.A. Happ,Gary Sanchez,Tom Hallion (H),OAK,&nbsp,,-,true,true,2%,false,6.43,3.97,2.83,71%,0.232,0.315,0.398,0.166,0.309,0.93,0.4,0.04,0.82,0.49,0.19,0.01,0.12,0.42,0.43,29%,6.48,8.55,6.43,1.53
14641,Derek Dietrich,4200,PHI,1B/OF,MIA,46283,Derek Dietrich,4,true,&nbsp,,Jake Arrieta,Wilson Ramos,Lance Barrett (P),MIA,Closed,-,true,true,6%,false,6.43,3.94,3.15,80%,0.24,0.326,0.398,0.158,0.314,0.91,0.31,0.14,0.83,0.53,0.16,0.04,0.11,0.45,0.42,0.01,25%,6.52,8.6,6.43,1.53
17844,Aledmys Diaz,3300,TBR,SS,TOR,46292,Aledmys Diaz,8,true,&nbsp,,Jalen Beeks,Jesus Sucre,Quinn Wolcott (P),TOR,Open,-,true,true,14%,true,6.41,3.54,1.72,49%,0.26,0.314,0.464,0.204,0.329,0.6,0.24,0.03,0.84,0.49,0.2,0.01,0.15,0.43,0.45,0.02,36%,6.94,9.09,6.41,1.94
325793,Jose Briceno,3200,TEX,C,LAA,46284,Jose Briceno,8,false,&nbsp,,Mike Minor,Isiah Kiner-Falefa,Jordan Baker (H),TEX,&nbsp,,-,true,false,12%,false,6.41,3.83,2.2,57%,0.235,0.273,0.414,0.179,0.291,0.85,0.18,0.02,0.84,0.49,0.2,0.01,0.14,0.49,0.48,34%,6.78,8.93,6.41,2
478243,Ryan O'Hearn,3900,CLE,1B,KCR,46287,Ryan O'Hearn,5,true,&nbsp,,Mike Clevinger,Roberto Perez,Joe West (N),CLE,&nbsp,,-,true,false,12%,false,6.37,3.99,2.98,75%,0.217,0.291,0.395,0.178,0.295,1.35,0.37,0.02,0.78,0.44,0.18,0.01,0.15,0.44,0.44,36%,6.59,8.74,6.37,1.63
16146,Addison Russell,3400,MIL,SS,CHC,46285,Addison Russell,9,true,&nbsp,,Wade Miley,Erik Kratz,David Rackley (H),MIL,Open,-,true,false,0%,false,6.34,3.96,1.85,47%,0.243,0.324,0.397,0.154,0.311,0.94,0.39,0.04,0.85,0.54,0.2,0.02,0.1,0.39,0.44,0.02,25%,6.37,8.34,6.34,1.86
16045,Gregory Bird,3400,OAK,1B,NYY,46286,Greg Bird,7,false,&nbsp,,Liam Hendriks,Jonathan Lucroy,Tom Hallion (H),OAK,&nbsp,,-,true,false,2%,true,6.32,4.07,0.86,21%,0.198,0.316,0.367,0.169,0.297,1.16,0.57,0.04,0.68,0.37,0.18,0.01,0.13,0.43,0.44,31%,6.43,8.7,6.32,1.86
13388,Freddy Galvis,3200,ARI,SS,SDP,46296,Freddy Galvis,1,false,&nbsp,,Robbie Ray,Jeff Mathis,Todd Tichenor (N),ARI,Closed,-,true,false,2%,false,6.32,4.52,3.29,73%,0.225,0.275,0.344,0.119,0.267,1.18,0.28,0.02,0.94,0.64,0.17,0.07,0.06,0.28,0.43,0.07,15%,6.37,8.05,6.32,1.98
18790,Delino DeShields,3600,LAA,OF,TEX,46284,Delino DeShields,9,true,&nbsp,,Andrew Heaney,Jose Briceno,Jordan Baker (H),TEX,&nbsp,,-,true,true,8%,false,6.29,3.58,2.23,62%,0.259,0.343,0.394,0.135,0.326,0.8,0.4,0.04,0.79,0.54,0.16,0.04,0.06,0.33,0.41,15%,6.51,8.44,6.29,1.75
17799,Nick Williams,3800,MIA,OF,PHI,46283,Nick Williams,6,true,&nbsp,,Trevor Richards,J.T. Realmuto,Lance Barrett (P),MIA,Closed,-,true,false,9%,false,6.24,3.91,2.61,67%,0.235,0.294,0.402,0.167,0.298,1.11,0.26,0.05,0.84,0.53,0.15,0.03,0.13,0.43,0.4,0.02,32%,6.47,8.42,6.24,1.64
18851,Wilmer Difo,3400,STL,2B/3B,WAS,46288,Wilmer Difo,7,true,&nbsp,,John Gant,Yadier Molina,Nic Lentz (H),WAS,&nbsp,,-,true,true,2%,false,6.24,3.92,2.06,53%,0.256,0.32,0.378,0.122,0.302,0.68,0.33,0.02,0.9,0.63,0.18,0.04,0.06,0.41,0.37,14%,6.3,8.13,6.24,1.84
16106,Travis Jankowski,3500,ARI,OF,SDP,46296,Travis Jankowski,1,false,&nbsp,,Robbie Ray,Jeff Mathis,Todd Tichenor (N),ARI,Closed,-,false,false,7%,false,6.2,4.45,3.29,74%,0.208,0.28,0.284,0.076,0.255,1.4,0.38,0.04,0.83,0.62,0.15,0.03,0.03,0.21,0.38,0.21,7%,6.35,8.03,6.2,1.77
35703,JaCoby Jones,3600,CHW,OF,DET,46289,JaCoby Jones,8,true,&nbsp,,Lucas Giolito,Kevan Smith,Chris Segal (P),CHW,&nbsp,,-,false,false,3%,false,6.2,3.83,2.49,65%,0.222,0.286,0.368,0.146,0.284,1.24,0.26,0.07,0.77,0.49,0.16,0.01,0.1,0.37,0.39,26%,6.3,8.19,6.2,1.72
514741,Luis Urias,3600,ARI,2B,SDP,46296,Luis Urias,2,false,&nbsp,,Robbie Ray,Jeff Mathis,Todd Tichenor (N),ARI,Closed,-,true,false,8%,false,6.19,4.33,3.18,73%,0.235,0.335,0.342,0.107,0.303,1.15,0.54,0.05,0.87,0.6,0.18,0.04,0.05,0.27,0.43,0.03,11%,6.35,8.24,6.19,1.72
15806,Brandon Nimmo,4500,LAD,OF,NYM,46297,Brandon Nimmo,6,false,&nbsp,,Rich Hill,Yasmani Grandal,Ryan Blakney (EP),LAD,&nbsp,,-,false,false,6%,false,6.16,3.94,2.59,66%,0.217,0.325,0.37,0.153,0.308,1.28,0.43,0.12,0.73,0.45,0.15,0.01,0.11,0.35,0.37,28%,6.32,8.33,6.16,1.37
16166,Patrick Wisdom,3400,WAS,1B/3B,STL,46288,Patrick Wisdom,7,true,&nbsp,,Erick Fedde,Pedro Severino,Nic Lentz (H),WAS,&nbsp,,-,false,false,3%,false,6.15,4.01,2.6,65%,0.22,0.274,0.38,0.16,0.28,1.3,0.25,0.03,0.81,0.49,0.18,0.01,0.13,0.44,0.4,33%,6.23,8.16,6.15,1.81
13862,Rafael Ortega,3600,PHI,OF,MIA,46283,Rafael Ortega,1,true,&nbsp,,Jake Arrieta,Wilson Ramos,Lance Barrett (P),MIA,Closed,-,true,true,9%,false,6.15,4.25,3.49,82%,0.24,0.312,0.329,0.089,0.284,0.55,0.4,0.01,0.91,0.67,0.17,0.04,0.03,0.23,0.41,0.11,7%,6.26,7.92,6.15,1.71
15993,Kevan Smith,3100,DET,C,CHW,46289,Kevan Smith,5,true,&nbsp,,Francisco Liriano,Grayson Greiner,Chris Segal (P),CHW,&nbsp,,-,true,true,1%,false,6.14,4.01,2.23,56%,0.268,0.323,0.388,0.12,0.309,0.66,0.26,0.06,0.98,0.72,0.17,0.01,0.08,0.39,0.39,20%,6.17,7.89,6.14,1.98
11248,Chase Utley,3200,NYM,2B,LAD,46297,Chase Utley,7,false,&nbsp,,Jason Vargas,Devin Mesoraco,Ryan Blakney (EP),LAD,&nbsp,,-,false,true,2%,false,6.14,3.87,1.74,45%,0.238,0.318,0.393,0.155,0.307,0.72,0.34,0.08,0.81,0.49,0.2,0.02,0.1,0.39,0.37,24%,6.22,8.14,6.14,1.92
10482,Starlin Castro,4100,PHI,2B,MIA,46283,Starlin Castro,2,true,&nbsp,,Jake Arrieta,Wilson Ramos,Lance Barrett (P),MIA,Closed,-,false,true,0%,false,6.13,4.21,3.37,80%,0.258,0.298,0.365,0.107,0.286,0.73,0.21,0.03,1.01,0.76,0.17,0.01,0.08,0.34,0.45,0.02,19%,6.13,7.78,6.13,1.5
18012,Eric Young,3100,TEX,OF,LAA,46284,Eric Young Jr.,9,false,&nbsp,,Mike Minor,Isiah Kiner-Falefa,Jordan Baker (H),TEX,&nbsp,,-,true,false,0%,false,6.05,3.93,2.08,53%,0.247,0.301,0.361,0.114,0.287,0.82,0.26,0.03,0.89,0.63,0.16,0.06,0.04,0.32,0.39,11%,6.06,7.71,6.05,1.95
10552,Rajai Davis,3200,KCR,OF,CLE,46287,Rajai Davis,9,true,&nbsp,,Danny Duffy,Cam Gallagher,Joe West (N),CLE,&nbsp,,-,true,true,20%,false,6.05,3.36,2.2,65%,0.251,0.303,0.395,0.144,0.301,0.73,0.22,0.02,0.77,0.5,0.18,0.02,0.07,0.33,0.37,18%,6.6,8.45,6.05,1.89
37225,Ryder Jones,3700,COL,3B,SFG,46291,Ryder Jones,7,false,&nbsp,,German Marquez,Tony Wolters,Ben May (P),COL,&nbsp,,-,true,false,21%,false,6.05,3.74,2.64,71%,0.259,0.306,0.417,0.158,0.308,0.88,0.2,0.05,0.9,0.56,0.22,0.03,0.09,0.41,0.38,24%,6.54,8.44,6.05,1.64
17889,Renato Nunez,3200,SEA,3B,BAL,46294,Renato Nunez,7,false,&nbsp,,Wade LeBlanc,Mike Zunino,John Libka (H),SEA,&nbsp,,-,true,false,4%,false,6.02,3.88,2.26,58%,0.218,0.272,0.397,0.179,0.285,1.11,0.25,0.03,0.78,0.46,0.15,0.01,0.16,0.42,0.41,41%,6.13,8.05,6.02,1.88
470026,Jeff McNeil,3700,LAD,2B,NYM,46297,Jeff McNeil,8,false,&nbsp,,Rich Hill,Yasmani Grandal,Ryan Blakney (EP),LAD,&nbsp,,-,false,false,2%,false,6.01,3.79,2.39,63%,0.254,0.326,0.394,0.14,0.314,0.66,0.28,0.1,0.85,0.56,0.19,0.01,0.08,0.32,0.33,22%,6.07,7.79,6.01,1.62
38009,Isiah Kiner-Falefa,3300,LAA,3B/C,TEX,46284,Isiah Kiner-Falefa,8,true,&nbsp,,Andrew Heaney,Jose Briceno,Jordan Baker (H),TEX,&nbsp,,-,true,true,5%,false,6.01,3.73,2.34,63%,0.275,0.335,0.392,0.117,0.317,0.56,0.28,0.04,0.92,0.66,0.18,0.03,0.05,0.35,0.39,13%,6.14,7.86,6.01,1.82
11479,Devin Mesoraco,3000,LAD,C,NYM,46297,Devin Mesoraco,7,false,&nbsp,,Rich Hill,Yasmani Grandal,Ryan Blakney (EP),LAD,&nbsp,,-,true,false,10%,false,6,3.78,2.5,66%,0.212,0.301,0.395,0.183,0.3,0.98,0.35,0.08,0.7,0.41,0.14,0,0.16,0.41,0.39,40%,6.24,8.29,6,2
10596,Matt Joyce,3300,NYY,OF,OAK,46286,Matt Joyce,2,false,&nbsp,,J.A. Happ,Gary Sanchez,Tom Hallion (H),OAK,&nbsp,,-,false,true,2%,false,5.97,4.27,3.11,73%,0.192,0.289,0.321,0.129,0.271,1.17,0.49,0.03,0.71,0.45,0.15,0.01,0.1,0.37,0.44,26%,6.01,8.03,5.97,1.81
10474,Jose Reyes,3400,LAD,3B/SS,NYM,46297,Jose Reyes,7,false,&nbsp,,Rich Hill,Yasmani Grandal,Ryan Blakney (EP),LAD,&nbsp,,-,true,false,0%,false,5.93,3.93,2.5,64%,0.227,0.284,0.353,0.126,0.276,0.84,0.28,0.01,0.82,0.55,0.18,0.02,0.08,0.32,0.3,20%,5.95,7.57,5.93,1.74
38057,Ramon Laureano,3700,NYY,OF,OAK,46286,Ramon Laureano,7,false,&nbsp,,J.A. Happ,Gary Sanchez,Tom Hallion (H),OAK,&nbsp,,-,true,true,1%,false,5.93,3.76,2.61,69%,0.21,0.295,0.358,0.148,0.286,1.24,0.38,0.03,0.7,0.43,0.15,0.03,0.1,0.35,0.35,25%,5.96,7.78,5.93,1.6
10376,Neil Walker,3400,OAK,1B/2B,NYY,46286,Neil Walker,8,false,&nbsp,,Liam Hendriks,Jonathan Lucroy,Tom Hallion (H),OAK,&nbsp,,-,true,false,6%,false,5.91,3.89,0.82,21%,0.219,0.314,0.368,0.149,0.297,0.9,0.45,0.03,0.74,0.45,0.17,0.03,0.09,0.37,0.41,25%,6.26,8.29,5.91,1.74
37227,Luke Voit,3600,OAK,1B,NYY,46286,Luke Voit,7,false,&nbsp,,Liam Hendriks,Jonathan Lucroy,Tom Hallion (H),OAK,&nbsp,,-,false,false,0%,false,5.88,4.13,0.86,21%,0.221,0.292,0.348,0.127,0.279,1.12,0.33,0.06,0.82,0.54,0.18,0.01,0.09,0.39,0.38,24%,5.89,7.69,5.88,1.63
37903,Tim Locastro,3900,NYM,OF,LAD,46297,Tim Locastro,8,false,&nbsp,,Jason Vargas,Devin Mesoraco,Ryan Blakney (EP),LAD,&nbsp,,-,true,true,8%,false,5.86,3.63,1.66,46%,0.256,0.317,0.384,0.128,0.305,0.7,0.19,0.12,0.84,0.56,0.21,0.01,0.06,0.31,0.32,17%,6.16,7.86,5.86,1.5
15943,Austin Hedges,3200,ARI,C,SDP,46296,Austin Hedges,7,false,&nbsp,,Robbie Ray,Jeff Mathis,Todd Tichenor (N),ARI,Closed,-,true,false,4%,false,5.86,3.86,2.68,69%,0.197,0.268,0.372,0.175,0.274,1.34,0.32,0.03,0.69,0.37,0.16,0.01,0.14,0.43,0.38,0.03,38%,5.94,7.88,5.86,1.83
16164,Tony Wolters,3300,SFG,C,COL,46291,Tony Wolters,8,true,&nbsp,,Dereck Rodriguez,Nick Hundley,Ben May (P),COL,&nbsp,,-,true,true,15%,false,5.85,3.61,1.74,48%,0.273,0.354,0.397,0.124,0.326,0.6,0.37,0.05,0.86,0.6,0.16,0.05,0.05,0.35,0.37,12%,6.41,8.29,5.85,1.77
13277,Erik Kratz,3200,CHC,C,MIL,46285,Erik Kratz,7,true,&nbsp,,Mike Montgomery,Willson Contreras,David Rackley (H),MIL,Open,-,true,true,1%,false,5.84,3.83,2.29,60%,0.226,0.294,0.379,0.153,0.291,0.78,0.29,0.05,0.78,0.49,0.17,0,0.11,0.42,0.38,0.01,30%,5.87,7.72,5.84,1.83
10573,Cameron Maybin,2900,BAL,OF,SEA,46294,Cameron Maybin,7,false,&nbsp,,Alex Cobb,Austin Wynns,John Libka (H),SEA,&nbsp,,P,false,true,5%,false,5.84,3.73,2.51,67%,0.253,0.323,0.35,0.097,0.297,0.68,0.33,0.03,0.84,0.63,0.15,0.01,0.05,0.31,0.34,14%,5.97,7.62,5.84,2.01
36152,Ryan Cordell,3200,DET,OF,CHW,46289,Ryan Cordell,9,true,&nbsp,,Francisco Liriano,Grayson Greiner,Chris Segal (P),CHW,&nbsp,,-,true,true,&nbsp,,false,5.83,3.68,1.86,51%,0.22,0.286,0.373,0.153,0.285,1.09,0.29,0.03,0.73,0.46,0.15,0.02,0.11,0.36,29%,5.83,7.61,5.83,1.82
36149,Phillip Ervin,3900,PIT,OF,CIN,46293,Phillip Ervin,8,true,&nbsp,,Joe Musgrove,Francisco Cervelli,Will Little (P),PIT,&nbsp,,-,false,false,8%,false,5.82,3.73,2.43,65%,0.241,0.301,0.374,0.133,0.293,0.81,0.25,0.06,0.81,0.53,0.2,0.01,0.08,0.36,0.35,20%,6.01,7.78,5.82,1.49
15036,Cesar Hernandez,3900,MIA,2B,PHI,46283,Cesar Hernandez,7,true,&nbsp,,Trevor Richards,J.T. Realmuto,Lance Barrett (P),MIA,Closed,-,true,false,0%,true,5.8,3.94,2.51,64%,0.238,0.336,0.343,0.105,0.303,0.82,0.5,0.02,0.81,0.61,0.11,0.04,0.06,0.31,0.32,0.05,15%,5.8,7.48,5.8,1.49
15894,Jose Pirela,3200,ARI,2B/OF,SDP,46296,Jose Pirela,7,false,&nbsp,,Robbie Ray,Jeff Mathis,Todd Tichenor (N),ARI,Closed,-,true,false,10%,false,5.8,3.78,2.68,71%,0.24,0.312,0.384,0.144,0.302,0.9,0.35,0.02,0.81,0.52,0.17,0.05,0.07,0.33,0.31,0.05,18%,6,7.7,5.8,1.81
36196,Francisco Mejia,2800,ARI,C,SDP,46296,Francisco Mejia,6,false,&nbsp,,Robbie Ray,Jeff Mathis,Todd Tichenor (N),ARI,Closed,-,true,false,3%,false,5.78,3.98,2.78,70%,0.237,0.294,0.377,0.14,0.288,1.05,0.27,0.04,0.86,0.54,0.2,0.05,0.07,0.35,0.32,0.02,19%,5.84,7.48,5.78,2.06
16151,Daniel Vogelbach,3300,BAL,1B,SEA,46294,Dan Vogelbach,8,false,&nbsp,,Alex Cobb,Austin Wynns,John Libka (H),SEA,&nbsp,,-,true,true,17%,false,5.77,3.48,2.4,69%,0.239,0.342,0.395,0.156,0.321,0.72,0.45,0.03,0.71,0.47,0.13,0,0.11,0.37,0.43,30%,6.14,8.18,5.77,1.75
14759,Tucker Barnhart,3700,PIT,C,CIN,46293,Tucker Barnhart,7,true,&nbsp,,Joe Musgrove,Francisco Cervelli,Will Little (P),PIT,&nbsp,,-,true,false,3%,false,5.76,3.9,2.54,65%,0.244,0.312,0.37,0.126,0.296,0.66,0.35,0.02,0.85,0.57,0.2,0.01,0.07,0.38,0.36,19%,5.85,7.61,5.76,1.56
472708,Francisco Arcia,3700,TEX,C,LAA,46284,Francisco Arcia,7,false,&nbsp,,Mike Minor,Isiah Kiner-Falefa,Jordan Baker (H),TEX,&nbsp,,-,false,false,2%,false,5.73,4.11,2.31,56%,0.224,0.282,0.333,0.109,0.271,0.92,0.23,0.1,0.83,0.61,0.14,0.01,0.08,0.4,0.4,23%,5.8,7.55,5.73,1.55
17887,Matt Olson,3700,NYY,1B,OAK,46286,Matt Olson,6,false,&nbsp,,J.A. Happ,Gary Sanchez,Tom Hallion (H),OAK,&nbsp,,-,false,true,0%,false,5.7,3.89,2.73,70%,0.186,0.285,0.35,0.164,0.278,1.24,0.45,0.04,0.63,0.34,0.15,0,0.13,0.39,0.4,35%,5.7,7.67,5.7,1.54
17851,Hunter Dozier,3700,CLE,1B/3B,KCR,46287,Hunter Dozier,4,true,&nbsp,,Mike Clevinger,Roberto Perez,Joe West (N),CLE,&nbsp,,-,false,false,0%,false,5.7,4.24,3.08,73%,0.19,0.257,0.323,0.133,0.253,1.69,0.33,0.02,0.73,0.42,0.21,0,0.1,0.41,0.36,27%,5.7,7.55,5.7,1.54
35650,Dansby Swanson,3700,BOS,SS,ATL,46295,Dansby Swanson,8,true,&nbsp,,Rick Porcello,Sandy Leon,Jansen Visconti (N),ATL,&nbsp,,-,false,true,2%,false,5.69,3.61,2.55,71%,0.255,0.302,0.403,0.148,0.298,0.81,0.22,0.02,0.85,0.56,0.18,0.02,0.09,0.37,0.36,25%,5.72,7.36,5.69,1.54
15356,Roberto Perez,2800,KCR,C,CLE,46287,Roberto Perez,8,true,&nbsp,,Danny Duffy,Cam Gallagher,Joe West (N),CLE,&nbsp,,H,true,true,15%,false,5.69,3.53,2.31,65%,0.221,0.306,0.388,0.167,0.305,1.03,0.39,0.02,0.67,0.4,0.15,0.01,0.11,0.4,0.43,31%,6.04,8.08,5.69,2.03
38048,Grayson Greiner,2900,CHW,C,DET,46289,Grayson Greiner,7,true,&nbsp,,Lucas Giolito,Kevan Smith,Chris Segal (P),CHW,&nbsp,,-,false,false,0%,false,5.67,4,2.61,65%,0.22,0.293,0.344,0.124,0.28,1.08,0.35,0.04,0.79,0.53,0.17,0.01,0.09,0.36,0.37,25%,5.67,7.41,5.67,1.96
10260,Joe Mauer,3300,HOU,1B,MIN,46290,Joe Mauer,1,true,&nbsp,,Justin Verlander,Martin Maldonado,Nick Mahrley (EP),HOU,Closed,H,true,false,0%,false,5.66,4.41,3.64,83%,0.222,0.292,0.33,0.108,0.272,1.23,0.4,0.01,0.88,0.61,0.19,0.02,0.07,0.24,0.37,0.01,18%,5.66,7.23,5.66,1.72
16338,Miguel Sano,3400,HOU,1B/3B,MIN,46290,Miguel Sano,6,true,&nbsp,,Justin Verlander,Martin Maldonado,Nick Mahrley (EP),HOU,Closed,P,false,false,0%,true,5.65,3.84,3.09,80%,0.171,0.245,0.377,0.206,0.265,1.84,0.32,0.03,0.59,0.27,0.12,0,0.19,0.39,0.38,0,53%,5.65,7.56,5.65,1.66
10540,Austin Jackson,3100,LAD,OF,NYM,46297,Austin Jackson,2,false,&nbsp,,Rich Hill,Yasmani Grandal,Ryan Blakney (EP),LAD,&nbsp,,-,true,false,15%,false,5.62,4.2,2.96,70%,0.212,0.285,0.32,0.108,0.268,1.47,0.37,0.03,0.8,0.54,0.17,0.01,0.07,0.27,0.39,19%,5.92,7.64,5.62,1.81
36153,Brett Phillips,3700,CLE,OF,KCR,46287,Brett Phillips,8,true,&nbsp,,Mike Clevinger,Roberto Perez,Joe West (N),CLE,&nbsp,,-,true,false,0%,false,5.58,3.77,2.62,69%,0.196,0.276,0.354,0.158,0.274,1.54,0.36,0.03,0.66,0.36,0.17,0.02,0.11,0.34,0.37,29%,5.58,7.37,5.58,1.51
11305,Dee Gordon,3900,BAL,2B/OF,SEA,46294,Dee Gordon,9,false,&nbsp,,Alex Cobb,Austin Wynns,John Libka (H),SEA,&nbsp,,P,true,true,2%,false,5.56,3.55,2.28,64%,0.273,0.304,0.33,0.057,0.279,0.5,0.14,0.03,0.91,0.77,0.11,0.02,0.01,0.23,0.29,3%,5.61,6.84,5.56,1.43
36236,Adam Engel,3500,DET,OF,CHW,46289,Adam Engel,8,true,&nbsp,,Francisco Liriano,Grayson Greiner,Chris Segal (P),CHW,&nbsp,,-,true,true,17%,false,5.55,3.46,1.96,57%,0.222,0.289,0.362,0.14,0.285,1.05,0.26,0.05,0.69,0.44,0.15,0.03,0.08,0.3,0.33,22%,6.02,7.77,5.55,1.59
15631,Kaleb Cowart,3300,TEX,3B,LAA,46284,Kaleb Cowart,9,false,&nbsp,,Mike Minor,Isiah Kiner-Falefa,Jordan Baker (H),TEX,&nbsp,,-,true,false,16%,false,5.52,3.63,2.08,57%,0.236,0.293,0.366,0.13,0.284,0.89,0.26,0.02,0.78,0.49,0.21,0.02,0.06,0.34,0.38,17%,6.02,7.8,5.52,1.67
13773,Chris Herrmann,2800,BAL,C,SEA,46294,Chris Herrmann,7,false,&nbsp,,Alex Cobb,Austin Wynns,John Libka (H),SEA,&nbsp,,-,true,true,12%,false,5.49,3.65,2.51,69%,0.212,0.305,0.349,0.137,0.288,0.95,0.41,0.03,0.67,0.44,0.12,0.01,0.1,0.36,0.38,27%,5.73,7.61,5.49,1.96
309161,Franmil Reyes,3500,ARI,OF,SDP,46296,Franmil Reyes,6,false,&nbsp,,Robbie Ray,Jeff Mathis,Todd Tichenor (N),ARI,Closed,-,true,false,37%,false,5.47,3.55,2.78,78%,0.205,0.301,0.379,0.174,0.294,1.32,0.42,0.02,0.63,0.35,0.14,0.02,0.12,0.37,0.35,0.01,35%,6.17,8.22,5.47,1.56
37481,Dominic Smith,3500,LAD,1B/OF,NYM,46297,Dominic Smith,6,false,&nbsp,,Rich Hill,Yasmani Grandal,Ryan Blakney (EP),LAD,&nbsp,,-,false,false,0%,false,5.46,4.03,2.59,64%,0.216,0.279,0.343,0.127,0.271,1.16,0.28,0.06,0.79,0.5,0.2,0,0.09,0.33,0.32,24%,5.47,7.08,5.46,1.56
17674,Breyvic Valera,3100,SEA,2B/3B,BAL,46294,Breyvic Valera,7,false,&nbsp,,Wade LeBlanc,Mike Zunino,John Libka (H),SEA,&nbsp,,-,true,false,3%,false,5.43,3.9,2.26,58%,0.252,0.296,0.358,0.106,0.283,0.48,0.24,0.01,0.91,0.67,0.15,0.03,0.05,0.29,0.3,16%,5.51,6.9,5.43,1.75
35651,Chad Pinder,3700,NYY,2B/OF,OAK,46286,Chad Pinder,7,false,&nbsp,,J.A. Happ,Gary Sanchez,Tom Hallion (H),OAK,&nbsp,,-,true,true,31%,false,5.41,3.42,2.61,76%,0.223,0.295,0.393,0.17,0.297,1.05,0.29,0.04,0.69,0.41,0.14,0.01,0.12,0.37,0.36,34%,5.94,7.82,5.41,1.46
35050,Tony Kemp,3900,MIN,OF,HOU,46290,Tony Kemp,9,true,&nbsp,,Trevor May,Chris Gimenez,Nick Mahrley (EP),HOU,Closed,-,true,true,15%,false,5.39,3.36,1.88,56%,0.252,0.33,0.354,0.102,0.302,0.57,0.34,0.03,0.74,0.55,0.12,0.03,0.04,0.27,0.33,0.11,12%,5.82,7.47,5.39,1.38
37544,Chance Sisco,2500,SEA,C,BAL,46294,Chance Sisco,7,false,&nbsp,,Wade LeBlanc,Mike Zunino,John Libka (H),SEA,&nbsp,,-,false,false,2%,false,5.38,3.92,2.26,58%,0.22,0.288,0.346,0.126,0.277,1.19,0.25,0.09,0.78,0.52,0.17,0,0.09,0.32,0.34,26%,5.43,7.04,5.38,2.15
11181,Logan Forsythe,2600,HOU,2B,MIN,46290,Logan Forsythe,2,true,&nbsp,,Justin Verlander,Martin Maldonado,Nick Mahrley (EP),HOU,Closed,-,false,false,0%,false,5.36,4.28,3.52,82%,0.193,0.259,0.312,0.119,0.251,1.37,0.31,0.05,0.75,0.49,0.16,0.01,0.09,0.3,0.35,0.01,27%,5.36,6.96,5.36,2.06
15967,Kevin Plawecki,3400,LAD,C,NYM,46297,Kevin Plawecki,8,false,&nbsp,,Rich Hill,Yasmani Grandal,Ryan Blakney (EP),LAD,&nbsp,,-,true,false,5%,false,5.34,3.75,2.39,64%,0.218,0.289,0.359,0.141,0.282,1.01,0.29,0.06,0.74,0.47,0.16,0,0.1,0.33,0.33,31%,5.44,7.09,5.34,1.57
15478,Jace Peterson,3100,SEA,3B/OF,BAL,46294,Jace Peterson,8,false,&nbsp,,Wade LeBlanc,Mike Zunino,John Libka (H),SEA,&nbsp,,-,false,false,0%,false,5.33,3.85,2.15,56%,0.222,0.296,0.333,0.111,0.277,0.85,0.34,0.04,0.76,0.53,0.15,0.01,0.07,0.28,0.33,19%,5.34,6.88,5.33,1.72
15226,Cory Spangenberg,2900,ARI,2B/3B,SDP,46296,Cory Spangenberg,7,false,&nbsp,,Robbie Ray,Jeff Mathis,Todd Tichenor (N),ARI,Closed,-,false,false,0%,false,5.32,3.91,2.68,69%,0.201,0.255,0.324,0.123,0.253,1.52,0.23,0.04,0.72,0.48,0.13,0.03,0.09,0.34,0.3,0.07,25%,5.32,6.86,5.32,1.83
15231,Jesus Sucre,2600,TOR,C,TBR,46292,Jesus Sucre,9,true,&nbsp,,Ryan Borucki,Danny Jansen,Quinn Wolcott (P),TOR,Open,-,true,false,20%,false,5.32,3.55,2.21,62%,0.241,0.285,0.354,0.113,0.277,0.57,0.2,0.03,0.79,0.56,0.16,0,0.07,0.36,0.38,0.04,20%,5.82,7.53,5.32,2.05
15179,Mark Canha,3400,NYY,OF,OAK,46286,Mark Canha,8,false,&nbsp,,J.A. Happ,Gary Sanchez,Tom Hallion (H),OAK,&nbsp,,-,true,true,28%,false,5.32,3.33,2.49,75%,0.221,0.295,0.399,0.178,0.298,0.92,0.28,0.04,0.66,0.38,0.15,0.01,0.12,0.35,0.37,35%,5.82,7.68,5.32,1.56
17779,Kelby Tomlinson,2900,COL,2B/SS,SFG,46291,Kelby Tomlinson,8,false,&nbsp,,German Marquez,Tony Wolters,Ben May (P),COL,&nbsp,,-,false,false,0%,false,5.31,3.91,2.52,64%,0.266,0.309,0.337,0.071,0.284,0.94,0.21,0.04,0.96,0.76,0.16,0.03,0.01,0.26,0.28,4%,5.32,6.58,5.31,1.83
15820,Jorge Polanco,3300,HOU,SS,MIN,46290,Jorge Polanco,3,true,&nbsp,,Justin Verlander,Martin Maldonado,Nick Mahrley (EP),HOU,Closed,-,true,false,2%,false,5.3,4.14,3.39,82%,0.188,0.246,0.32,0.132,0.247,1.28,0.3,0.01,0.71,0.43,0.16,0.02,0.1,0.35,0.31,0.02,29%,5.33,6.94,5.3,1.61
183328,Scott Kingery,3600,MIA,SS,PHI,46283,Scott Kingery,8,true,&nbsp,,Trevor Richards,J.T. Realmuto,Lance Barrett (P),MIA,Closed,-,false,false,4%,false,5.26,3.76,2.4,64%,0.232,0.275,0.347,0.115,0.269,0.88,0.18,0.05,0.81,0.54,0.19,0.02,0.06,0.31,0.29,0.06,18%,5.36,6.81,5.26,1.46
16276,Lewis Brinson,2800,PHI,OF,MIA,46283,Lewis Brinson,6,true,&nbsp,,Jake Arrieta,Wilson Ramos,Lance Barrett (P),MIA,Closed,-,false,true,2%,false,5.25,3.74,2.95,79%,0.217,0.265,0.344,0.127,0.262,1.01,0.2,0.04,0.76,0.5,0.15,0.02,0.08,0.35,0.32,0.04,24%,5.28,6.81,5.25,1.88
36219,Dawel Lugo,3700,CHW,2B,DET,46289,Dawel Lugo,9,true,&nbsp,,Lucas Giolito,Kevan Smith,Chris Segal (P),CHW,&nbsp,,-,false,false,3%,false,5.21,3.71,2.36,64%,0.253,0.282,0.351,0.098,0.273,0.56,0.13,0.02,0.89,0.66,0.17,0.01,0.05,0.3,0.33,15%,5.28,6.62,5.21,1.41
16264,Ben Gamel,3800,BAL,OF,SEA,46294,Ben Gamel,9,false,&nbsp,,Alex Cobb,Austin Wynns,John Libka (H),SEA,&nbsp,,-,true,true,7%,false,5.2,3.48,2.28,66%,0.258,0.322,0.359,0.101,0.297,0.65,0.29,0.02,0.81,0.59,0.16,0.02,0.04,0.27,0.34,12%,5.36,6.83,5.2,1.37
334519,John Andreoli,3700,SEA,OF,BAL,46294,John Andreoli,8,false,&nbsp,,Wade LeBlanc,Mike Zunino,John Libka (H),SEA,&nbsp,,-,true,false,8%,false,5.19,3.71,2.15,58%,0.211,0.282,0.328,0.117,0.268,1.12,0.32,0.02,0.7,0.47,0.14,0.02,0.07,0.27,0.31,21%,5.4,6.95,5.19,1.4
11487,Martin Maldonado,3200,MIN,C,HOU,46290,Martin Maldonado,8,true,&nbsp,,Trevor May,Chris Gimenez,Nick Mahrley (EP),HOU,Closed,-,false,true,7%,false,5.18,3.59,1.98,55%,0.209,0.269,0.348,0.139,0.269,1.06,0.19,0.09,0.68,0.43,0.14,0.01,0.1,0.38,0.38,0.01,30%,5.38,7.11,5.18,1.62
15798,Max Kepler,3100,HOU,OF,MIN,46290,Max Kepler,7,true,&nbsp,,Justin Verlander,Martin Maldonado,Nick Mahrley (EP),HOU,Closed,-,true,false,2%,false,5.18,3.68,2.95,80%,0.191,0.261,0.361,0.17,0.267,1.15,0.31,0.02,0.64,0.34,0.14,0.02,0.13,0.32,0.31,0.02,38%,5.21,6.83,5.18,1.67
34659,Guillermo Heredia,2500,BAL,OF,SEA,46294,Guillermo Heredia,8,false,&nbsp,,Alex Cobb,Austin Wynns,John Libka (H),SEA,&nbsp,,-,false,true,10%,false,5.15,3.56,2.4,67%,0.258,0.324,0.348,0.09,0.296,0.48,0.25,0.08,0.82,0.62,0.14,0.01,0.04,0.28,0.33,12%,5.36,6.84,5.15,2.06
13460,Sandy Leon,2700,ATL,C,BOS,46295,Sandy Leon,8,true,&nbsp,,Sean Newcomb,Kurt Suzuki,Jansen Visconti (N),ATL,&nbsp,,-,true,false,18%,false,5.12,3.74,2.34,63%,0.216,0.299,0.327,0.111,0.278,0.92,0.38,0.03,0.71,0.49,0.15,0.01,0.07,0.34,0.33,21%,5.55,7.29,5.12,1.9
16128,Miguel Rojas,3400,PHI,3B/SS,MIA,46283,Miguel Rojas,5,true,&nbsp,,Jake Arrieta,Wilson Ramos,Lance Barrett (P),MIA,Closed,-,false,true,3%,false,5.09,3.86,3.07,80%,0.245,0.286,0.32,0.075,0.265,0.46,0.18,0.05,0.88,0.7,0.13,0.01,0.04,0.33,0.3,0.03,12%,5.13,6.47,5.09,1.5
37233,Dustin Fowler,3600,NYY,OF,OAK,46286,Dustin Fowler,9,false,&nbsp,,J.A. Happ,Gary Sanchez,Tom Hallion (H),OAK,&nbsp,,-,false,true,2%,false,5.09,3.51,2.37,68%,0.217,0.256,0.34,0.123,0.256,0.95,0.16,0.02,0.72,0.47,0.15,0.03,0.07,0.29,0.3,20%,5.14,6.54,5.09,1.41
36215,Kyle Farmer,3100,NYM,3B,LAD,46297,Kyle Farmer,8,false,&nbsp,,Jason Vargas,Devin Mesoraco,Ryan Blakney (EP),LAD,&nbsp,,-,true,true,26%,false,5.09,3.25,1.66,51%,0.257,0.305,0.412,0.155,0.306,0.65,0.18,0.03,0.78,0.48,0.21,0.01,0.08,0.31,0.31,26%,5.94,7.63,5.09,1.64
17839,J.T. Riddle,3700,PHI,SS,MIA,46283,J.T. Riddle,7,true,&nbsp,,Jake Arrieta,Wilson Ramos,Lance Barrett (P),MIA,Closed,-,true,true,3%,false,5.07,3.61,2.82,78%,0.238,0.288,0.355,0.117,0.278,0.7,0.24,0.01,0.79,0.56,0.14,0.03,0.06,0.32,0.29,0.02,19%,5.11,6.51,5.07,1.37
13524,Adeiny Hechavarria,2700,OAK,SS,NYY,46286,Adeiny Hechavarria,8,false,&nbsp,,Liam Hendriks,Jonathan Lucroy,Tom Hallion (H),OAK,&nbsp,,-,false,false,6%,true,5.06,3.89,0.82,21%,0.232,0.272,0.323,0.091,0.257,0.75,0.2,0.02,0.84,0.63,0.14,0.03,0.04,0.3,0.31,13%,5.36,6.76,5.06,1.87
36173,Richard Urena,3100,TBR,2B/SS,TOR,46292,Richard Urena,9,true,&nbsp,,Jalen Beeks,Jesus Sucre,Quinn Wolcott (P),TOR,Open,-,true,true,7%,false,5.05,3.62,1.64,45%,0.227,0.279,0.356,0.129,0.273,0.94,0.24,0.01,0.76,0.48,0.18,0.04,0.06,0.29,0.33,0.01,18%,5.26,6.76,5.05,1.63
22667,Pedro Severino,2800,STL,C,WAS,46288,Pedro Severino,8,true,&nbsp,,John Gant,Yadier Molina,Nic Lentz (H),WAS,&nbsp,,-,false,true,23%,false,5.03,3.4,1.96,58%,0.242,0.296,0.363,0.121,0.285,0.67,0.22,0.03,0.76,0.53,0.15,0,0.07,0.36,0.33,23%,5.66,7.34,5.03,1.8
36239,Franklin Barreto,3500,NYY,2B,OAK,46286,Franklin Barreto,9,false,&nbsp,,J.A. Happ,Gary Sanchez,Tom Hallion (H),OAK,&nbsp,,-,true,true,19%,false,5.01,3.31,2.37,72%,0.202,0.271,0.355,0.153,0.272,1.28,0.26,0.03,0.61,0.36,0.13,0.02,0.1,0.31,0.33,30%,5.34,7,5.01,1.43
14935,Kristopher Negron,2900,BAL,OF,SEA,46294,Kristopher Negron,8,false,&nbsp,,Alex Cobb,Austin Wynns,John Libka (H),SEA,&nbsp,,P,false,true,3%,false,5,3.65,2.4,66%,0.214,0.27,0.318,0.104,0.26,1.09,0.22,0.06,0.71,0.51,0.12,0.01,0.07,0.32,0.34,21%,5.07,6.57,5,1.72
15213,Ryan LaMarre,3400,DET,OF,CHW,46289,Ryan LaMarre,7,true,&nbsp,,Francisco Liriano,Grayson Greiner,Chris Segal (P),CHW,&nbsp,,-,true,true,32%,false,4.98,3.28,2.06,63%,0.229,0.303,0.355,0.126,0.289,1.03,0.28,0.04,0.67,0.46,0.13,0.01,0.07,0.29,0.3,24%,5.8,7.51,4.98,1.46
10490,Alcides Escobar,2900,CLE,SS,KCR,46287,Alcides Escobar,7,true,&nbsp,,Mike Clevinger,Roberto Perez,Joe West (N),CLE,&nbsp,,-,false,false,0%,false,4.97,3.89,2.75,71%,0.229,0.26,0.319,0.09,0.252,0.78,0.14,0.03,0.84,0.6,0.18,0.01,0.04,0.28,0.27,13%,4.97,6.22,4.97,1.71
11064,Jonathan Lucroy,2700,NYY,C,OAK,46286,Jonathan Lucroy,9,false,&nbsp,,J.A. Happ,Gary Sanchez,Tom Hallion (H),OAK,&nbsp,,-,true,true,5%,true,4.93,3.48,2.37,68%,0.239,0.312,0.353,0.114,0.291,0.6,0.32,0.02,0.75,0.52,0.14,0.02,0.05,0.27,0.32,17%,5.01,6.45,4.93,1.83
16290,Orlando Arcia,2700,CHC,SS,MIL,46285,Orlando Arcia,8,true,&nbsp,,Mike Montgomery,Willson Contreras,David Rackley (H),MIL,Open,P,true,true,16%,true,4.93,3.48,2.18,63%,0.238,0.293,0.344,0.106,0.277,0.67,0.25,0.01,0.76,0.55,0.14,0.01,0.06,0.29,0.28,0.05,18%,5.29,6.74,4.93,1.83
10990,A.J. Ellis,2800,ARI,C,SDP,46296,A.J. Ellis,8,false,&nbsp,,Robbie Ray,Jeff Mathis,Todd Tichenor (N),ARI,Closed,-,true,false,11%,false,4.93,3.65,2.56,70%,0.206,0.318,0.321,0.115,0.288,0.98,0.5,0.03,0.63,0.42,0.14,0.01,0.06,0.27,0.29,0.01,20%,5.12,6.76,4.93,1.76
16204,Austin Barnes,3100,NYM,C,LAD,46297,Austin Barnes,8,false,&nbsp,,Jason Vargas,Devin Mesoraco,Ryan Blakney (EP),LAD,&nbsp,,-,true,true,37%,false,4.93,3.01,1.66,55%,0.246,0.333,0.395,0.149,0.317,0.68,0.32,0.04,0.65,0.42,0.15,0.01,0.08,0.28,0.29,25%,6.18,8.05,4.93,1.59
10387,Gordon Beckham,2600,BAL,2B,SEA,46294,Gordon Beckham,9,false,&nbsp,,Alex Cobb,Austin Wynns,John Libka (H),SEA,&nbsp,,-,false,true,15%,false,4.88,3.37,2.28,68%,0.244,0.306,0.352,0.108,0.288,0.5,0.25,0.04,0.74,0.53,0.15,0,0.05,0.29,0.34,17%,5.19,6.7,4.88,1.88
13171,Austin Romine,3100,OAK,C,NYY,46286,Austin Romine,7,false,&nbsp,,Liam Hendriks,Jonathan Lucroy,Tom Hallion (H),OAK,&nbsp,,-,false,false,9%,false,4.86,3.82,0.86,23%,0.21,0.263,0.313,0.103,0.252,1.01,0.23,0.03,0.74,0.51,0.16,0.01,0.06,0.32,0.31,20%,5.27,6.8,4.86,1.57
37228,Tyler Wade,3500,OAK,2B,NYY,46286,Tyler Wade,9,false,&nbsp,,Liam Hendriks,Jonathan Lucroy,Tom Hallion (H),OAK,&nbsp,,-,true,false,22%,false,4.78,3.34,0.77,23%,0.21,0.29,0.299,0.089,0.263,0.91,0.33,0.02,0.62,0.44,0.12,0.02,0.03,0.23,0.28,11%,5.81,7.46,4.78,1.37
496627,Austin Dean,3600,PHI,OF,MIA,46283,Austin Dean,8,true,&nbsp,,Jake Arrieta,Wilson Ramos,Lance Barrett (P),MIA,Closed,-,false,true,0%,false,4.76,3.5,2.69,77%,0.243,0.288,0.35,0.107,0.276,0.64,0.19,0.03,0.79,0.56,0.16,0.01,0.05,0.28,0.27,0.02,17%,4.76,6.02,4.76,1.32
15441,David Freitas,2800,BAL,C,SEA,46294,David Freitas,9,false,&nbsp,,Alex Cobb,Austin Wynns,John Libka (H),SEA,&nbsp,,-,false,true,11%,false,4.76,3.43,2.28,66%,0.246,0.302,0.346,0.1,0.283,0.62,0.23,0.04,0.77,0.56,0.16,0,0.05,0.28,0.33,16%,4.97,6.38,4.76,1.7
10290,Jeff Mathis,2700,SDP,C,ARI,46296,Jeff Mathis,8,true,&nbsp,,Joey Lucchesi,A.J. Ellis,Todd Tichenor (N),ARI,Closed,-,true,true,9%,false,4.75,3.54,2.01,57%,0.211,0.288,0.327,0.116,0.271,1.08,0.33,0.02,0.67,0.43,0.16,0.03,0.05,0.3,0.29,0.01,16%,4.97,6.49,4.75,1.76
14927,Caleb Joseph,2600,SEA,C,BAL,46294,Caleb Joseph,9,false,&nbsp,,Wade LeBlanc,Mike Zunino,John Libka (H),SEA,&nbsp,,-,true,false,15%,true,4.69,3.48,2.04,59%,0.223,0.26,0.349,0.126,0.263,0.88,0.16,0.02,0.73,0.49,0.14,0.01,0.08,0.28,0.31,28%,5.03,6.43,4.69,1.8
37988,Austin Wynns,2800,SEA,C,BAL,46294,Austin Wynns,9,false,&nbsp,,Wade LeBlanc,Mike Zunino,John Libka (H),SEA,&nbsp,,-,true,false,19%,false,4.65,3.42,2.04,60%,0.223,0.269,0.348,0.125,0.268,0.86,0.19,0.02,0.71,0.49,0.13,0,0.09,0.28,0.32,30%,5.07,6.52,4.65,1.66
14622,Robbie Grossman,2800,HOU,OF,MIN,46290,Robbie Grossman,4,true,&nbsp,,Justin Verlander,Martin Maldonado,Nick Mahrley (EP),HOU,Closed,-,true,false,7%,false,4.6,4,3.3,83%,0.163,0.254,0.272,0.109,0.237,1.52,0.43,0.01,0.58,0.36,0.13,0.01,0.08,0.29,0.27,0,26%,4.68,6.2,4.6,1.64
36161,Tomas Nido,2900,LAD,C,NYM,46297,Tomas Nido,8,false,&nbsp,,Rich Hill,Yasmani Grandal,Ryan Blakney (EP),LAD,&nbsp,,-,true,false,8%,false,4.54,3.7,2.39,65%,0.211,0.253,0.319,0.108,0.248,1.05,0.18,0.02,0.73,0.5,0.17,0,0.07,0.27,0.26,23%,4.69,5.98,4.54,1.57
15086,Josh Phegley,3100,NYY,C,OAK,46286,Josh Phegley,9,false,&nbsp,,J.A. Happ,Gary Sanchez,Tom Hallion (H),OAK,&nbsp,,-,true,true,30%,false,4.44,3.18,2.37,75%,0.201,0.268,0.344,0.143,0.265,0.86,0.24,0.03,0.58,0.35,0.14,0.01,0.08,0.28,0.31,30%,4.93,6.48,4.44,1.43
15742,Ronald Torreyes,2700,OAK,2B/SS,NYY,46286,Ronald Torreyes,9,false,&nbsp,,Liam Hendriks,Jonathan Lucroy,Tom Hallion (H),OAK,&nbsp,,-,false,false,14%,false,4.42,3.61,0.77,21%,0.236,0.269,0.305,0.069,0.252,0.54,0.14,0.03,0.8,0.62,0.15,0.02,0.01,0.23,0.27,4%,4.98,6.19,4.42,1.64
36192,Cameron Gallagher,2800,CLE,C,KCR,46287,Cam Gallagher,9,true,&nbsp,,Mike Clevinger,Roberto Perez,Joe West (N),CLE,&nbsp,,-,false,false,12%,false,4.36,3.48,2.48,71%,0.213,0.267,0.315,0.102,0.254,0.74,0.22,0.02,0.68,0.46,0.17,0,0.05,0.25,0.29,18%,4.55,5.85,4.36,1.56
17709,Jack Reinheimer,3500,LAD,3B/SS,NYM,46297,Jack Reinheimer,9,false,&nbsp,,Rich Hill,Yasmani Grandal,Ryan Blakney (EP),LAD,&nbsp,,-,true,false,8%,false,4.35,3.57,2.25,63%,0.199,0.257,0.281,0.082,0.239,1.11,0.24,0.03,0.66,0.47,0.13,0.01,0.04,0.2,0.24,15%,4.51,5.7,4.35,1.24
17731,Jake Cave,3200,HOU,OF,MIN,46290,Jake Cave,5,true,&nbsp,,Justin Verlander,Martin Maldonado,Nick Mahrley (EP),HOU,Closed,-,true,false,17%,false,4.32,3.83,3.2,84%,0.168,0.219,0.285,0.117,0.219,1.76,0.22,0.02,0.6,0.37,0.13,0.02,0.08,0.27,0.25,0.01,30%,4.48,5.8,4.32,1.35
15269,Kyle Higashioka,3300,OAK,C,NYY,46286,Kyle Higashioka,7,false,&nbsp,,Liam Hendriks,Jonathan Lucroy,Tom Hallion (H),OAK,&nbsp,,-,false,false,29%,false,4.2,3.17,0.86,27%,0.187,0.247,0.318,0.131,0.245,0.85,0.21,0.02,0.54,0.33,0.13,0,0.08,0.3,0.28,32%,5.47,7.22,4.2,1.27
10508,Andrew Romine,2500,BAL,2B/SS,SEA,46294,Andrew Romine,9,false,&nbsp,,Alex Cobb,Austin Wynns,John Libka (H),SEA,&nbsp,,P,true,true,13%,false,4.15,3.41,2.28,67%,0.211,0.269,0.277,0.066,0.246,0.77,0.24,0.03,0.65,0.51,0.11,0.01,0.03,0.22,0.27,11%,4.38,5.59,4.15,1.66
14883,Ehire Adrianza,2800,HOU,SS,MIN,46290,Ehire Adrianza,8,true,&nbsp,,Justin Verlander,Martin Maldonado,Nick Mahrley (EP),HOU,Closed,-,true,false,9%,false,3.74,3.5,2.81,80%,0.157,0.217,0.263,0.106,0.212,1.36,0.24,0.02,0.5,0.31,0.11,0.01,0.07,0.22,0.23,0.02,29%,3.83,4.98,3.74,1.34
11053,Chris Gimenez,2600,HOU,C,MIN,46290,Chris Gimenez,9,true,&nbsp,,Justin Verlander,Martin Maldonado,Nick Mahrley (EP),HOU,Closed,-,false,false,33%,false,3.33,3.17,2.66,84%,0.158,0.214,0.262,0.104,0.21,1.29,0.19,0.03,0.46,0.3,0.09,0,0.07,0.2,0.21,0,32%,3.6,4.68,3.33,1.28
