Position,Name + ID,Name,ID,Roster Position,Salary,Game Info,TeamAbbrev,AvgPointsPerGame
SP,Luis Severino (10870240),Luis Severino,10870240,P,13100,BOS@NYY 06/30/2018 07:15PM ET,NYY,26.48
SP,Chris Sale (10869819),Chris Sale,10869819,P,13000,BOS@NYY 06/30/2018 07:15PM ET,BOS,26.58
SP,James Paxton (10870241),James Paxton,10870241,P,12500,KC@SEA 06/30/2018 10:10PM ET,SEA,22.83
SP,Patrick Corbin (10870242),Patrick Corbin,10870242,P,11900,SF@ARI 06/30/2018 10:10PM ET,ARI,23.34
SP,Johnny Cueto (10870244),Johnny Cueto,10870244,P,11800,SF@ARI 06/30/2018 10:10PM ET,SF,23
SP,Mike Foltynewicz (10870243),Mike Foltynewicz,10870243,P,11800,ATL@STL 06/30/2018 07:15PM ET,ATL,20.79
SP,Clayton Kershaw (10870245),Clayton Kershaw,10870245,P,11800,COL@LAD 06/30/2018 07:15PM ET,LAD,16.66
SP,Madison Bumgarner (10870246),Madison Bumgarner,10870246,P,11200,SF@ARI 06/30/2018 10:10PM ET,SF,17.79
SP,Kenta Maeda (10869820),Kenta Maeda,10869820,P,11000,COL@LAD 06/30/2018 07:15PM ET,LAD,15.09
SP,Sean Newcomb (10870247),Sean Newcomb,10870247,P,10900,ATL@STL 06/30/2018 07:15PM ET,ATL,18.70
SP,Ross Stripling (10870248),Ross Stripling,10870248,P,10500,COL@LAD 06/30/2018 07:15PM ET,LAD,11.69
SP,Robbie Ray (10870249),Robbie Ray,10870249,P,10000,SF@ARI 06/30/2018 10:10PM ET,ARI,18.79
SP,Cole Hamels (10870250),Cole Hamels,10870250,P,9700,CWS@TEX 06/30/2018 09:05PM ET,TEX,16.91
RP,Domingo German (10870251),Domingo German,10870251,P,9500,BOS@NYY 06/30/2018 07:15PM ET,NYY,11.84
SP,Jack Flaherty (10870252),Jack Flaherty,10870252,P,9400,ATL@STL 06/30/2018 07:15PM ET,STL,17.85
SP,Zack Greinke (10870254),Zack Greinke,10870254,P,9300,SF@ARI 06/30/2018 10:10PM ET,ARI,19.47
SP,Miles Mikolas (10870255),Miles Mikolas,10870255,P,9300,ATL@STL 06/30/2018 07:15PM ET,STL,17.05
SP,Walker Buehler (10870253),Walker Buehler,10870253,P,9300,COL@LAD 06/30/2018 07:15PM ET,LAD,16.76
SP,Zack Godley (10870257),Zack Godley,10870257,P,9200,SF@ARI 06/30/2018 10:10PM ET,ARI,14.71
SP,Rick Porcello (10870256),Rick Porcello,10870256,P,9200,BOS@NYY 06/30/2018 07:15PM ET,BOS,18.17
SP,Mike Soroka (10870259),Mike Soroka,10870259,P,8900,ATL@STL 06/30/2018 07:15PM ET,ATL,13.11
SP,Hyun-Jin Ryu (10870258),Hyun-Jin Ryu,10870258,P,8900,COL@LAD 06/30/2018 07:15PM ET,LAD,17.22
SP,Tyson Ross (10870260),Tyson Ross,10870260,P,8500,PIT@SD 06/30/2018 10:10PM ET,SD,15.13
SP,Jordan Montgomery (10870261),Jordan Montgomery,10870261,P,8500,BOS@NYY 06/30/2018 07:15PM ET,NYY,11.88
SP,Steven Wright (10870262),Steven Wright,10870262,P,8500,BOS@NYY 06/30/2018 07:15PM ET,BOS,9.94
SP,Jameson Taillon (10870264),Jameson Taillon,10870264,P,8400,PIT@SD 06/30/2018 10:10PM ET,PIT,15.37
SP,Masahiro Tanaka (10870263),Masahiro Tanaka,10870263,P,8400,BOS@NYY 06/30/2018 07:15PM ET,NYY,16.44
SP,Kyle Freeland (10870265),Kyle Freeland,10870265,P,8300,COL@LAD 06/30/2018 07:15PM ET,COL,16.67
SP,David Price (10870266),David Price,10870266,P,8300,BOS@NYY 06/30/2018 07:15PM ET,BOS,17.59
SP,Jonathan Loaisiga (10870267),Jonathan Loaisiga,10870267,P,8300,BOS@NYY 06/30/2018 07:15PM ET,NYY,19.57
SP,Alex Wood (10870268),Alex Wood,10870268,P,8200,COL@LAD 06/30/2018 07:15PM ET,LAD,14.72
SP,Felix Hernandez (10869821),Felix Hernandez,10869821,P,8100,KC@SEA 06/30/2018 10:10PM ET,SEA,12.45
RP,Tyler Glasnow (10870269),Tyler Glasnow,10870269,P,8100,PIT@SD 06/30/2018 10:10PM ET,PIT,5.09
SP,Eduardo Rodriguez (10870270),Eduardo Rodriguez,10870270,P,8100,BOS@NYY 06/30/2018 07:15PM ET,BOS,16.90
SP,Carlos Martinez (10870271),Carlos Martinez,10870271,P,8000,ATL@STL 06/30/2018 07:15PM ET,STL,14.65
SP,Clay Buchholz (10870272),Clay Buchholz,10870272,P,7900,SF@ARI 06/30/2018 10:10PM ET,ARI,16.03
SP,Trevor Williams (10869822),Trevor Williams,10869822,P,7900,PIT@SD 06/30/2018 10:10PM ET,PIT,12.88
SP,Alec Hansen (10870273),Alec Hansen,10870273,P,7800,CWS@TEX 06/30/2018 09:05PM ET,CWS,0
SP,Michael Wacha (10870274),Michael Wacha,10870274,P,7800,ATL@STL 06/30/2018 07:15PM ET,STL,16.01
SP,Anibal Sanchez (10870275),Anibal Sanchez,10870275,P,7800,ATL@STL 06/30/2018 07:15PM ET,ATL,16.22
SP,Wade LeBlanc (10870276),Wade LeBlanc,10870276,P,7800,KC@SEA 06/30/2018 10:10PM ET,SEA,11.2
SP,Marco Gonzales (10870277),Marco Gonzales,10870277,P,7800,KC@SEA 06/30/2018 10:10PM ET,SEA,16.08
SP,Carlos Rodon (10869823),Carlos Rodon,10869823,P,7700,CWS@TEX 06/30/2018 09:05PM ET,CWS,14.69
SP,Chad Kuhl (10870279),Chad Kuhl,10870279,P,7700,PIT@SD 06/30/2018 10:10PM ET,PIT,11.76
SP,Clayton Richard (10870280),Clayton Richard,10870280,P,7700,PIT@SD 06/30/2018 10:10PM ET,SD,13.96
SP,Jon Gray (10870278),Jon Gray,10870278,P,7700,COL@LAD 06/30/2018 07:15PM ET,COL,15.98
SP,Rich Hill (10870281),Rich Hill,10870281,P,7700,COL@LAD 06/30/2018 07:15PM ET,LAD,12.03
SP,Michael Kopech (10870282),Michael Kopech,10870282,P,7600,CWS@TEX 06/30/2018 09:05PM ET,CWS,0
SP,Joe Musgrove (10870283),Joe Musgrove,10870283,P,7600,PIT@SD 06/30/2018 10:10PM ET,PIT,15.05
SP,Dereck Rodriguez (10869824),Dereck Rodriguez,10869824,P,7500,SF@ARI 06/30/2018 10:10PM ET,SF,13.43
SP,Derek Holland (10870285),Derek Holland,10870285,P,7400,SF@ARI 06/30/2018 10:10PM ET,SF,13.88
SP,Joey Lucchesi (10869825),Joey Lucchesi,10869825,P,7400,PIT@SD 06/30/2018 10:10PM ET,SD,14.46
SP,Dinelson Lamet (10870284),Dinelson Lamet,10870284,P,7400,PIT@SD 06/30/2018 10:10PM ET,SD,0
SP,Chris Stratton (10870286),Chris Stratton,10870286,P,7300,SF@ARI 06/30/2018 10:10PM ET,SF,12.32
SP,Luke Weaver (10869826),Luke Weaver,10869826,P,7300,ATL@STL 06/30/2018 07:15PM ET,STL,10.65
SP,Andrew Suarez (10870287),Andrew Suarez,10870287,P,7200,SF@ARI 06/30/2018 10:10PM ET,SF,14.04
SP,Brandon McCarthy (10870288),Brandon McCarthy,10870288,P,7200,ATL@STL 06/30/2018 07:15PM ET,ATL,11.73
SP,Nick Kingham (10870289),Nick Kingham,10870289,P,7200,PIT@SD 06/30/2018 10:10PM ET,PIT,17.55
SP,Jakob Junis (10870290),Jakob Junis,10870290,P,7100,KC@SEA 06/30/2018 10:10PM ET,KC,15.00
SP,Sonny Gray (10869827),Sonny Gray,10869827,P,7100,BOS@NYY 06/30/2018 07:15PM ET,NYY,12.41
SP,Ivan Nova (10870291),Ivan Nova,10870291,P,7000,PIT@SD 06/30/2018 10:10PM ET,PIT,13.71
SP,Julio Teheran (10870292),Julio Teheran,10870292,P,6900,ATL@STL 06/30/2018 07:15PM ET,ATL,14.20
SP,Adam Wainwright (10870293),Adam Wainwright,10870293,P,6900,ATL@STL 06/30/2018 07:15PM ET,STL,9.38
SP,Dylan Covey (10870294),Dylan Covey,10870294,P,6800,CWS@TEX 06/30/2018 09:05PM ET,CWS,10.44
SP,Taijuan Walker (10870297),Taijuan Walker,10870297,P,6700,SF@ARI 06/30/2018 10:10PM ET,ARI,8.42
SP,Mike Minor (10870298),Mike Minor,10870298,P,6700,CWS@TEX 06/30/2018 09:05PM ET,TEX,13.63
SP,Alex Reyes (10870296),Alex Reyes,10870296,P,6700,ATL@STL 06/30/2018 07:15PM ET,STL,9.4
SP,Tyler Anderson (10870295),Tyler Anderson,10870295,P,6700,COL@LAD 06/30/2018 07:15PM ET,COL,13.31
SP,Luiz Gohara (10870299),Luiz Gohara,10870299,P,6600,ATL@STL 06/30/2018 07:15PM ET,ATL,3.35
SP,Shelby Miller (10869828),Shelby Miller,10869828,P,6500,SF@ARI 06/30/2018 10:10PM ET,ARI,3.45
SP,Mike Leake (10870302),Mike Leake,10870302,P,6500,KC@SEA 06/30/2018 10:10PM ET,SEA,13.56
SP,Cal Quantrill (10870301),Cal Quantrill,10870301,P,6500,PIT@SD 06/30/2018 10:10PM ET,SD,0
RP,Jordan Lyles (10870303),Jordan Lyles,10870303,P,6500,PIT@SD 06/30/2018 10:10PM ET,SD,6.93
SP,CC Sabathia (10870300),CC Sabathia,10870300,P,6500,BOS@NYY 06/30/2018 07:15PM ET,NYY,14.54
SP,Nate Karns (10870304),Nate Karns,10870304,P,6400,KC@SEA 06/30/2018 10:10PM ET,KC,0
SP,Ian Kennedy (10870305),Ian Kennedy,10870305,P,6400,KC@SEA 06/30/2018 10:10PM ET,KC,11.51
SP,Drew Pomeranz (10870306),Drew Pomeranz,10870306,P,6400,BOS@NYY 06/30/2018 07:15PM ET,BOS,7.81
SP,Reynaldo Lopez (10870307),Reynaldo Lopez,10870307,P,6300,CWS@TEX 06/30/2018 09:05PM ET,CWS,12.74
SP,Danny Duffy (10870308),Danny Duffy,10870308,P,6000,KC@SEA 06/30/2018 10:10PM ET,KC,12.07
OF,Mookie Betts (10869833),Mookie Betts,10869833,OF,6000,BOS@NYY 06/30/2018 07:15PM ET,BOS,12.54
SP,Hisashi Iwakuma (10870309),Hisashi Iwakuma,10870309,P,5900,KC@SEA 06/30/2018 10:10PM ET,SEA,0
SP,German Marquez (10869829),German Marquez,10869829,P,5900,COL@LAD 06/30/2018 07:15PM ET,COL,12.06
RP,Luis Cessa (10870310),Luis Cessa,10870310,P,5900,BOS@NYY 06/30/2018 07:15PM ET,NYY,4.09
OF,J.D. Martinez (10869834),J.D. Martinez,10869834,OF,5800,BOS@NYY 06/30/2018 07:15PM ET,BOS,10.52
SP,Max Fried (10869830),Max Fried,10869830,P,5700,ATL@STL 06/30/2018 07:15PM ET,ATL,6.11
SP,Scott Kazmir (10870312),Scott Kazmir,10870312,P,5700,ATL@STL 06/30/2018 07:15PM ET,ATL,0
SP,Eric Lauer (10870311),Eric Lauer,10870311,P,5700,PIT@SD 06/30/2018 10:10PM ET,SD,9.55
SP,Caleb Ferguson (10870313),Caleb Ferguson,10870313,P,5700,COL@LAD 06/30/2018 07:15PM ET,LAD,8.18
RP,Matt Koch (10870317),Matt Koch,10870317,P,5600,SF@ARI 06/30/2018 10:10PM ET,ARI,10.16
SP,Lucas Sims (10870314),Lucas Sims,10870314,P,5600,ATL@STL 06/30/2018 07:15PM ET,ATL,2.11
OF,Nelson Cruz (10869835),Nelson Cruz,10869835,OF,5600,KC@SEA 06/30/2018 10:10PM ET,SEA,9.15
SP,Ariel Miranda (10870315),Ariel Miranda,10870315,P,5600,KC@SEA 06/30/2018 10:10PM ET,SEA,13.25
SP,A.J. Cole (10870316),A.J. Cole,10870316,P,5600,BOS@NYY 06/30/2018 07:15PM ET,NYY,5.28
SP,James Shields (10870318),James Shields,10870318,P,5500,CWS@TEX 06/30/2018 09:05PM ET,CWS,11.95
3B,Nolan Arenado (10869836),Nolan Arenado,10869836,3B,5500,COL@LAD 06/30/2018 07:15PM ET,COL,10.16
SP,Chad Bettis (10870319),Chad Bettis,10870319,P,5400,COL@LAD 06/30/2018 07:15PM ET,COL,11.16
1B,Paul Goldschmidt (10869837),Paul Goldschmidt,10869837,1B,5300,SF@ARI 06/30/2018 10:10PM ET,ARI,9.06
RP,Austin Gomber (10870320),Austin Gomber,10870320,P,5300,ATL@STL 06/30/2018 07:15PM ET,STL,1.78
SP,Hector Velazquez (10870321),Hector Velazquez,10870321,P,5300,BOS@NYY 06/30/2018 07:15PM ET,BOS,5.23
RP,Yohander Mendez (10870323),Yohander Mendez,10870323,P,5200,CWS@TEX 06/30/2018 09:05PM ET,TEX,-3.88
1B,Freddie Freeman (10869839),Freddie Freeman,10869839,1B,5200,ATL@STL 06/30/2018 07:15PM ET,ATL,9.86
SP,Matt Wisler (10870324),Matt Wisler,10870324,P,5200,ATL@STL 06/30/2018 07:15PM ET,ATL,9.38
SP,Ricky Nolasco (10870322),Ricky Nolasco,10870322,P,5200,KC@SEA 06/30/2018 10:10PM ET,KC,0
OF,Andrew Benintendi (10869838),Andrew Benintendi,10869838,OF,5200,BOS@NYY 06/30/2018 07:15PM ET,BOS,10.01
SP,Ty Blach (10870331),Ty Blach,10870331,P,5100,SF@ARI 06/30/2018 10:10PM ET,SF,5.67
SP,Bartolo Colon (10869831),Bartolo Colon,10869831,P,5100,CWS@TEX 06/30/2018 09:05PM ET,TEX,10.35
SP,Tim Lincecum (10870329),Tim Lincecum,10870329,P,5100,CWS@TEX 06/30/2018 09:05PM ET,TEX,0
2B,Ozzie Albies (10869840),Ozzie Albies,10869840,2B,5100,ATL@STL 06/30/2018 07:15PM ET,ATL,9.56
SP,Aaron Blair (10870327),Aaron Blair,10870327,P,5100,ATL@STL 06/30/2018 07:15PM ET,ATL,0
RP,Grant Dayton (10870332),Grant Dayton,10870332,P,5100,ATL@STL 06/30/2018 07:15PM ET,ATL,0
RP,Rob Whalen (10870326),Rob Whalen,10870326,P,5100,KC@SEA 06/30/2018 10:10PM ET,SEA,7.8
SP,Andrew Albers (10870328),Andrew Albers,10870328,P,5100,KC@SEA 06/30/2018 10:10PM ET,SEA,0
SP,Chase De Jong (10870330),Chase De Jong,10870330,P,5100,KC@SEA 06/30/2018 10:10PM ET,SEA,0
OF,Charlie Blackmon (10869843),Charlie Blackmon,10869843,OF,5100,COL@LAD 06/30/2018 07:15PM ET,COL,8.79
SP,Chance Adams (10870325),Chance Adams,10870325,P,5100,BOS@NYY 06/30/2018 07:15PM ET,NYY,0
SP,Jeff Samardzija (10870335),Jeff Samardzija,10870335,P,5000,SF@ARI 06/30/2018 10:10PM ET,SF,5.96
OF,Shin-soo Choo (10869845),Shin-soo Choo,10869845,OF,5000,CWS@TEX 06/30/2018 09:05PM ET,TEX,8.91
SP,Carson Fulmer (10870336),Carson Fulmer,10870336,P,5000,CWS@TEX 06/30/2018 09:05PM ET,CWS,4.57
2B/3B,Matt Carpenter (10869841),Matt Carpenter,10869841,2B/3B,5000,ATL@STL 06/30/2018 07:15PM ET,STL,8.27
SP,Luis Escobar (10870333),Luis Escobar,10870333,P,5000,PIT@SD 06/30/2018 10:10PM ET,PIT,0
SP,Mitch Keller (10870334),Mitch Keller,10870334,P,5000,PIT@SD 06/30/2018 10:10PM ET,PIT,0
SP,Ryan Helsley (10870339),Ryan Helsley,10870339,P,4900,ATL@STL 06/30/2018 07:15PM ET,STL,0
SP,Jason Hammel (10869832),Jason Hammel,10869832,P,4900,KC@SEA 06/30/2018 10:10PM ET,KC,9.08
SP,Brad Keller (10870340),Brad Keller,10870340,P,4900,KC@SEA 06/30/2018 10:10PM ET,KC,4.46
SP,Phil Hughes (10870341),Phil Hughes,10870341,P,4900,PIT@SD 06/30/2018 10:10PM ET,SD,2.35
SP,Jeff Hoffman (10870337),Jeff Hoffman,10870337,P,4900,COL@LAD 06/30/2018 07:15PM ET,COL,-0.36
SP,Julio Urias (10870338),Julio Urias,10870338,P,4900,COL@LAD 06/30/2018 07:15PM ET,LAD,0
OF,Aaron Judge (10869844),Aaron Judge,10869844,OF,4900,BOS@NYY 06/30/2018 07:15PM ET,NYY,10.03
OF,A.J. Pollock (10869847),A.J. Pollock,10869847,OF,4800,SF@ARI 06/30/2018 10:10PM ET,ARI,10.72
OF,David Peralta (10869849),David Peralta,10869849,OF,4800,SF@ARI 06/30/2018 10:10PM ET,ARI,8.31
1B,Brandon Belt (10869855),Brandon Belt,10869855,1B,4800,SF@ARI 06/30/2018 10:10PM ET,SF,8.54
SP,Rubby De La Rosa (10870342),Rubby De La Rosa,10870342,P,4800,SF@ARI 06/30/2018 10:10PM ET,ARI,0
SP,Lucas Giolito (10870344),Lucas Giolito,10870344,P,4800,CWS@TEX 06/30/2018 09:05PM ET,CWS,6.38
SS,Jean Segura (10869848),Jean Segura,10869848,SS,4800,KC@SEA 06/30/2018 10:10PM ET,SEA,9.59
SP,Eric Skoglund (10870343),Eric Skoglund,10870343,P,4800,KC@SEA 06/30/2018 10:10PM ET,KC,8.37
RP,Matt Strahm (10870345),Matt Strahm,10870345,P,4800,PIT@SD 06/30/2018 10:10PM ET,SD,6.04
OF,Giancarlo Stanton (10869846),Giancarlo Stanton,10869846,OF,4800,BOS@NYY 06/30/2018 07:15PM ET,NYY,8.69
1B/3B,Max Muncy (10869850),Max Muncy,10869850,1B/3B,4700,COL@LAD 06/30/2018 07:15PM ET,LAD,8.37
1B/OF,Cody Bellinger (10869853),Cody Bellinger,10869853,1B/OF,4700,COL@LAD 06/30/2018 07:15PM ET,LAD,8.11
SS,Xander Bogaerts (10869852),Xander Bogaerts,10869852,SS,4700,BOS@NYY 06/30/2018 07:15PM ET,BOS,8.63
SP,Brian Johnson (10870346),Brian Johnson,10870346,P,4700,BOS@NYY 06/30/2018 07:15PM ET,BOS,4.02
SP,Taylor Clarke (10870350),Taylor Clarke,10870350,P,4600,SF@ARI 06/30/2018 10:10PM ET,ARI,0
RP,Austin Bibens-Dirkx (10870353),Austin Bibens-Dirkx,10870353,P,4600,CWS@TEX 06/30/2018 09:05PM ET,TEX,12.95
SP,Yovani Gallardo (10870354),Yovani Gallardo,10870354,P,4600,CWS@TEX 06/30/2018 09:05PM ET,TEX,4.1
SP,Matt Moore (10870355),Matt Moore,10870355,P,4600,CWS@TEX 06/30/2018 09:05PM ET,TEX,3.87
1B,Jose Martinez (10869860),Jose Martinez,10869860,1B,4600,ATL@STL 06/30/2018 07:15PM ET,STL,8.12
SP,Josh Staumont (10870347),Josh Staumont,10870347,P,4600,KC@SEA 06/30/2018 10:10PM ET,KC,0
OF,Starling Marte (10869856),Starling Marte,10869856,OF,4600,PIT@SD 06/30/2018 10:10PM ET,PIT,8.76
RP,Steven Brault (10870352),Steven Brault,10870352,P,4600,PIT@SD 06/30/2018 10:10PM ET,PIT,6.02
SP,Tom Koehler (10870348),Tom Koehler,10870348,P,4600,COL@LAD 06/30/2018 07:15PM ET,LAD,0
SP,Yadier Alvarez (10870349),Yadier Alvarez,10870349,P,4600,COL@LAD 06/30/2018 07:15PM ET,LAD,0
SP,Justus Sheffield (10870351),Justus Sheffield,10870351,P,4600,BOS@NYY 06/30/2018 07:15PM ET,NYY,0
SP,Joan Gregorio (10870359),Joan Gregorio,10870359,P,4500,SF@ARI 06/30/2018 10:10PM ET,SF,0
2B,Yoan Moncada (10869858),Yoan Moncada,10869858,2B,4500,CWS@TEX 06/30/2018 09:05PM ET,CWS,7.51
SP,John Gant (10870356),John Gant,10870356,P,4500,ATL@STL 06/30/2018 07:15PM ET,STL,10.93
RP,Dan Winkler (10870361),Dan Winkler,10870361,P,4500,ATL@STL 06/30/2018 07:15PM ET,ATL,3.63
OF,Mitch Haniger (10869859),Mitch Haniger,10869859,OF,4500,KC@SEA 06/30/2018 10:10PM ET,SEA,8.67
RP,Erasmo Ramirez (10870360),Erasmo Ramirez,10870360,P,4500,KC@SEA 06/30/2018 10:10PM ET,SEA,1.08
OF,Joc Pederson (10869857),Joc Pederson,10869857,OF,4500,COL@LAD 06/30/2018 07:15PM ET,LAD,6.08
SS,Trevor Story (10869862),Trevor Story,10869862,SS,4500,COL@LAD 06/30/2018 07:15PM ET,COL,9.12
SP,Brock Stewart (10870358),Brock Stewart,10870358,P,4500,COL@LAD 06/30/2018 07:15PM ET,LAD,2.59
3B,Rafael Devers (10869861),Rafael Devers,10869861,3B,4500,BOS@NYY 06/30/2018 07:15PM ET,BOS,7.09
1B,Mitch Moreland (10869864),Mitch Moreland,10869864,1B,4500,BOS@NYY 06/30/2018 07:15PM ET,BOS,7.95
SP,Jalen Beeks (10870357),Jalen Beeks,10870357,P,4500,BOS@NYY 06/30/2018 07:15PM ET,BOS,-1
3B,Jake Lamb (10869866),Jake Lamb,10869866,3B,4400,SF@ARI 06/30/2018 10:10PM ET,ARI,7.76
SP,Tyler Beede (10870366),Tyler Beede,10870366,P,4400,SF@ARI 06/30/2018 10:10PM ET,SF,5.22
1B,Jose Abreu (10869863),Jose Abreu,10869863,1B,4400,CWS@TEX 06/30/2018 09:05PM ET,CWS,7.86
SS,Tim Anderson (10869865),Tim Anderson,10869865,SS,4400,CWS@TEX 06/30/2018 09:05PM ET,CWS,7.82
SP,Edinson Volquez (10870363),Edinson Volquez,10870363,P,4400,CWS@TEX 06/30/2018 09:05PM ET,TEX,0
SP,Jesse Chavez (10870364),Jesse Chavez,10870364,P,4400,CWS@TEX 06/30/2018 09:05PM ET,TEX,6.06
SP,Martin Perez (10870365),Martin Perez,10870365,P,4400,CWS@TEX 06/30/2018 09:05PM ET,TEX,0.65
SP,Kyle Lloyd (10870362),Kyle Lloyd,10870362,P,4400,PIT@SD 06/30/2018 10:10PM ET,SD,0
SP,Braden Shipley (10870368),Braden Shipley,10870368,P,4300,SF@ARI 06/30/2018 10:10PM ET,ARI,1.68
SP,Kris Medlen (10870369),Kris Medlen,10870369,P,4300,SF@ARI 06/30/2018 10:10PM ET,ARI,-4.8
SP,Hector Santiago (10870370),Hector Santiago,10870370,P,4300,CWS@TEX 06/30/2018 09:05PM ET,CWS,4.65
OF,Ronald Acuna Jr. (10869867),Ronald Acuna Jr.,10869867,OF,4300,ATL@STL 06/30/2018 07:15PM ET,ATL,8
OF,Tommy Pham (10869870),Tommy Pham,10869870,OF,4300,ATL@STL 06/30/2018 07:15PM ET,STL,7.69
OF,Nick Markakis (10869871),Nick Markakis,10869871,OF,4300,ATL@STL 06/30/2018 07:15PM ET,ATL,8.59
RP,Andrew Moore (10870367),Andrew Moore,10870367,P,4300,KC@SEA 06/30/2018 10:10PM ET,SEA,0
OF,Wil Myers (10869868),Wil Myers,10869868,OF,4300,PIT@SD 06/30/2018 10:10PM ET,SD,6.06
OF,Gregory Polanco (10869869),Gregory Polanco,10869869,OF,4300,PIT@SD 06/30/2018 10:10PM ET,PIT,7.57
2B,DJ LeMahieu (10869880),DJ LeMahieu,10869880,2B,4300,COL@LAD 06/30/2018 07:15PM ET,COL,8.43
OF,Nomar Mazara (10869872),Nomar Mazara,10869872,OF,4200,CWS@TEX 06/30/2018 09:05PM ET,TEX,8.38
C,Yadier Molina (10869873),Yadier Molina,10869873,C,4200,ATL@STL 06/30/2018 07:15PM ET,STL,7.33
OF,Ender Inciarte (10869874),Ender Inciarte,10869874,OF,4200,ATL@STL 06/30/2018 07:15PM ET,ATL,7.96
3B,Kyle Seager (10869875),Kyle Seager,10869875,3B,4200,KC@SEA 06/30/2018 10:10PM ET,SEA,7.24
2B/OF,Dee Gordon (10869878),Dee Gordon,10869878,2B/OF,4200,KC@SEA 06/30/2018 10:10PM ET,SEA,7.49
OF,Matt Kemp (10869876),Matt Kemp,10869876,OF,4200,COL@LAD 06/30/2018 07:15PM ET,LAD,7.01
SS,Brandon Crawford (10869881),Brandon Crawford,10869881,SS,4100,SF@ARI 06/30/2018 10:10PM ET,SF,7.53
1B/C,Buster Posey (10869884),Buster Posey,10869884,C/1B,4100,SF@ARI 06/30/2018 10:10PM ET,SF,7.25
SP,Miguel Gonzalez (10870372),Miguel Gonzalez,10870372,P,4100,CWS@TEX 06/30/2018 09:05PM ET,CWS,-4.75
3B,Mike Moustakas (10869889),Mike Moustakas,10869889,3B,4100,KC@SEA 06/30/2018 10:10PM ET,KC,7.85
SP,Ryan Castellani (10870371),Ryan Castellani,10870371,P,4100,COL@LAD 06/30/2018 07:15PM ET,COL,0
OF,Aaron Hicks (10869877),Aaron Hicks,10869877,OF,4100,BOS@NYY 06/30/2018 07:15PM ET,NYY,8.18
OF,Andrew McCutchen (10869887),Andrew McCutchen,10869887,OF,4000,SF@ARI 06/30/2018 10:10PM ET,SF,7.75
SP,Jon Duplantier (10870394),Jon Duplantier,10870394,P,4000,SF@ARI 06/30/2018 10:10PM ET,ARI,0
SP,Garrett Williams (10870412),Garrett Williams,10870412,P,4000,SF@ARI 06/30/2018 10:10PM ET,SF,0
RP,Jimmie Sherfy (10870423),Jimmie Sherfy,10870423,P,4000,SF@ARI 06/30/2018 10:10PM ET,ARI,1.77
RP,Julian Fernandez (10870424),Julian Fernandez,10870424,P,4000,SF@ARI 06/30/2018 10:10PM ET,SF,0
RP,Mark Melancon (10870452),Mark Melancon,10870452,P,4000,SF@ARI 06/30/2018 10:10PM ET,SF,2.26
RP,Tony Watson (10870454),Tony Watson,10870454,P,4000,SF@ARI 06/30/2018 10:10PM ET,SF,3.69
RP,Brad Boxberger (10870456),Brad Boxberger,10870456,P,4000,SF@ARI 06/30/2018 10:10PM ET,ARI,3.12
RP,Sam Dyson (10870457),Sam Dyson,10870457,P,4000,SF@ARI 06/30/2018 10:10PM ET,SF,2.46
RP,Yoshihisa Hirano (10870458),Yoshihisa Hirano,10870458,P,4000,SF@ARI 06/30/2018 10:10PM ET,ARI,3.17
RP,Neftali Feliz (10870462),Neftali Feliz,10870462,P,4000,SF@ARI 06/30/2018 10:10PM ET,ARI,0
RP,Fernando Salas (10870463),Fernando Salas,10870463,P,4000,SF@ARI 06/30/2018 10:10PM ET,ARI,2.66
SP,Jorge De La Rosa (10870464),Jorge De La Rosa,10870464,P,4000,SF@ARI 06/30/2018 10:10PM ET,ARI,1.35
SP,Matt Cain (10870472),Matt Cain,10870472,P,4000,SF@ARI 06/30/2018 10:10PM ET,SF,0
RP,Will Smith (10870478),Will Smith,10870478,P,4000,SF@ARI 06/30/2018 10:10PM ET,SF,4.15
RP,Hunter Strickland (10870485),Hunter Strickland,10870485,P,4000,SF@ARI 06/30/2018 10:10PM ET,SF,2.88
RP,Michael Blazek (10870486),Michael Blazek,10870486,P,4000,SF@ARI 06/30/2018 10:10PM ET,ARI,0
RP,T.J. McFarland (10870487),T.J. McFarland,10870487,P,4000,SF@ARI 06/30/2018 10:10PM ET,ARI,4.03
RP,Cory Gearrin (10870488),Cory Gearrin,10870488,P,4000,SF@ARI 06/30/2018 10:10PM ET,SF,1.78
RP,Pierce Johnson (10870498),Pierce Johnson,10870498,P,4000,SF@ARI 06/30/2018 10:10PM ET,SF,2.24
RP,Randall Delgado (10870512),Randall Delgado,10870512,P,4000,SF@ARI 06/30/2018 10:10PM ET,ARI,0
SP,Chris Heston (10870513),Chris Heston,10870513,P,4000,SF@ARI 06/30/2018 10:10PM ET,SF,0
RP,Silvino Bracho (10870523),Silvino Bracho,10870523,P,4000,SF@ARI 06/30/2018 10:10PM ET,ARI,5.76
RP,Troy Scribner (10870525),Troy Scribner,10870525,P,4000,SF@ARI 06/30/2018 10:10PM ET,ARI,6.25
SP,Alex Young (10870533),Alex Young,10870533,P,4000,SF@ARI 06/30/2018 10:10PM ET,ARI,0
SP,Jordan Johnson (10870540),Jordan Johnson,10870540,P,4000,SF@ARI 06/30/2018 10:10PM ET,SF,0
RP,Steve Hathaway (10870541),Steve Hathaway,10870541,P,4000,SF@ARI 06/30/2018 10:10PM ET,ARI,0
RP,Andrew Chafin (10870545),Andrew Chafin,10870545,P,4000,SF@ARI 06/30/2018 10:10PM ET,ARI,2.51
RP,Archie Bradley (10870546),Archie Bradley,10870546,P,4000,SF@ARI 06/30/2018 10:10PM ET,ARI,3.14
RP,Jose Valdez (10870566),Jose Valdez,10870566,P,4000,SF@ARI 06/30/2018 10:10PM ET,SF,-0.04
RP,Reyes Moronta (10870582),Reyes Moronta,10870582,P,4000,SF@ARI 06/30/2018 10:10PM ET,SF,3.78
RP,Tyler Pill (10870586),Tyler Pill,10870586,P,4000,SF@ARI 06/30/2018 10:10PM ET,ARI,0
SP,Daniel Gibson (10870589),Daniel Gibson,10870589,P,4000,SF@ARI 06/30/2018 10:10PM ET,ARI,0
SS,Jurickson Profar (10869883),Jurickson Profar,10869883,SS,4000,CWS@TEX 06/30/2018 09:05PM ET,TEX,7.63
3B,Yolmer Sanchez (10869900),Yolmer Sanchez,10869900,3B,4000,CWS@TEX 06/30/2018 09:05PM ET,CWS,7.05
SP,Spencer Adams (10870383),Spencer Adams,10870383,P,4000,CWS@TEX 06/30/2018 09:05PM ET,CWS,0
SP,Brett Martin (10870384),Brett Martin,10870384,P,4000,CWS@TEX 06/30/2018 09:05PM ET,TEX,0
SP,Dylan Cease (10870385),Dylan Cease,10870385,P,4000,CWS@TEX 06/30/2018 09:05PM ET,CWS,0
SP,A.J. Puckett (10870410),A.J. Puckett,10870410,P,4000,CWS@TEX 06/30/2018 09:05PM ET,CWS,0
SP,Dane Dunning (10870416),Dane Dunning,10870416,P,4000,CWS@TEX 06/30/2018 09:05PM ET,CWS,0
RP,Tyler Danish (10870419),Tyler Danish,10870419,P,4000,CWS@TEX 06/30/2018 09:05PM ET,CWS,0
RP,Nick Gardewine (10870421),Nick Gardewine,10870421,P,4000,CWS@TEX 06/30/2018 09:05PM ET,TEX,3.48
SP,Ariel Jurado (10870425),Ariel Jurado,10870425,P,4000,CWS@TEX 06/30/2018 09:05PM ET,TEX,1.7
SP,Ian Clarkin (10870426),Ian Clarkin,10870426,P,4000,CWS@TEX 06/30/2018 09:05PM ET,CWS,0
SP,Cole Ragans (10870435),Cole Ragans,10870435,P,4000,CWS@TEX 06/30/2018 09:05PM ET,TEX,0
SP,Alex Speas (10870436),Alex Speas,10870436,P,4000,CWS@TEX 06/30/2018 09:05PM ET,TEX,0
SP,Hans Crouse (10870438),Hans Crouse,10870438,P,4000,CWS@TEX 06/30/2018 09:05PM ET,TEX,0
RP,Chris Volstad (10870447),Chris Volstad,10870447,P,4000,CWS@TEX 06/30/2018 09:05PM ET,CWS,2.80
SP,Doug Fister (10870449),Doug Fister,10870449,P,4000,CWS@TEX 06/30/2018 09:05PM ET,TEX,8.98
SP,Paolo Espino (10870450),Paolo Espino,10870450,P,4000,CWS@TEX 06/30/2018 09:05PM ET,TEX,0
RP,Tony Barnette (10870453),Tony Barnette,10870453,P,4000,CWS@TEX 06/30/2018 09:05PM ET,TEX,4.03
RP,Nate Jones (10870459),Nate Jones,10870459,P,4000,CWS@TEX 06/30/2018 09:05PM ET,CWS,3.01
RP,Matt Bush (10870466),Matt Bush,10870466,P,4000,CWS@TEX 06/30/2018 09:05PM ET,TEX,2.02
RP,Xavier Cedeno (10870468),Xavier Cedeno,10870468,P,4000,CWS@TEX 06/30/2018 09:05PM ET,CWS,3.89
RP,Joakim Soria (10870471),Joakim Soria,10870471,P,4000,CWS@TEX 06/30/2018 09:05PM ET,CWS,3.07
RP,Robbie Ross Jr. (10870481),Robbie Ross Jr.,10870481,P,4000,CWS@TEX 06/30/2018 09:05PM ET,CWS,0
RP,Jake Diekman (10870484),Jake Diekman,10870484,P,4000,CWS@TEX 06/30/2018 09:05PM ET,TEX,2.56
RP,Danny Farquhar (10870508),Danny Farquhar,10870508,P,4000,CWS@TEX 06/30/2018 09:05PM ET,CWS,3.3
RP,Luis Avilan (10870516),Luis Avilan,10870516,P,4000,CWS@TEX 06/30/2018 09:05PM ET,CWS,2.1
RP,Ronald Herrera (10870524),Ronald Herrera,10870524,P,4000,CWS@TEX 06/30/2018 09:05PM ET,TEX,0
SP,Chi Chi Gonzalez (10870526),Chi Chi Gonzalez,10870526,P,4000,CWS@TEX 06/30/2018 09:05PM ET,TEX,0
SP,Kyle Cody (10870534),Kyle Cody,10870534,P,4000,CWS@TEX 06/30/2018 09:05PM ET,TEX,0
RP,Keone Kela (10870538),Keone Kela,10870538,P,4000,CWS@TEX 06/30/2018 09:05PM ET,TEX,3.48
SP,Clayton Blackburn (10870547),Clayton Blackburn,10870547,P,4000,CWS@TEX 06/30/2018 09:05PM ET,TEX,0
SP,Adrian Sampson (10870551),Adrian Sampson,10870551,P,4000,CWS@TEX 06/30/2018 09:05PM ET,TEX,0
RP,Jace Fry (10870553),Jace Fry,10870553,P,4000,CWS@TEX 06/30/2018 09:05PM ET,CWS,3.89
RP,Shawn Tolleson (10870561),Shawn Tolleson,10870561,P,4000,CWS@TEX 06/30/2018 09:05PM ET,TEX,0
RP,Juan Minaya (10870572),Juan Minaya,10870572,P,4000,CWS@TEX 06/30/2018 09:05PM ET,CWS,2.89
RP,Bruce Rondon (10870575),Bruce Rondon,10870575,P,4000,CWS@TEX 06/30/2018 09:05PM ET,CWS,2.36
RP,Chris Martin (10870579),Chris Martin,10870579,P,4000,CWS@TEX 06/30/2018 09:05PM ET,TEX,2.14
RP,Jose Leclerc (10870580),Jose Leclerc,10870580,P,4000,CWS@TEX 06/30/2018 09:05PM ET,TEX,3.87
SP,Connor Sadzeck (10870591),Connor Sadzeck,10870591,P,4000,CWS@TEX 06/30/2018 09:05PM ET,TEX,0
RP,Alex Claudio (10870596),Alex Claudio,10870596,P,4000,CWS@TEX 06/30/2018 09:05PM ET,TEX,1.64
SS,Paul DeJong (10869888),Paul DeJong,10869888,SS,4000,ATL@STL 06/30/2018 07:15PM ET,STL,7.63
SP,Kolby Allard (10870373),Kolby Allard,10870373,P,4000,ATL@STL 06/30/2018 07:15PM ET,ATL,0
SP,Ricardo Sanchez (10870380),Ricardo Sanchez,10870380,P,4000,ATL@STL 06/30/2018 07:15PM ET,ATL,0
SP,Junior Fernandez (10870381),Junior Fernandez,10870381,P,4000,ATL@STL 06/30/2018 07:15PM ET,STL,0
SP,Kyle Wright (10870393),Kyle Wright,10870393,P,4000,ATL@STL 06/30/2018 07:15PM ET,ATL,0
RP,Jordan Hicks (10870401),Jordan Hicks,10870401,P,4000,ATL@STL 06/30/2018 07:15PM ET,STL,3.08
SP,Dakota Hudson (10870411),Dakota Hudson,10870411,P,4000,ATL@STL 06/30/2018 07:15PM ET,STL,0
SP,Conner Greene (10870418),Conner Greene,10870418,P,4000,ATL@STL 06/30/2018 07:15PM ET,STL,0
RP,Shane Carle (10870422),Shane Carle,10870422,P,4000,ATL@STL 06/30/2018 07:15PM ET,ATL,3.66
SP,Bryse Wilson (10870431),Bryse Wilson,10870431,P,4000,ATL@STL 06/30/2018 07:15PM ET,ATL,0
SP,Ian Anderson (10870432),Ian Anderson,10870432,P,4000,ATL@STL 06/30/2018 07:15PM ET,ATL,0
SP,Joey Wentz (10870437),Joey Wentz,10870437,P,4000,ATL@STL 06/30/2018 07:15PM ET,ATL,0
RP,Bud Norris (10870448),Bud Norris,10870448,P,4000,ATL@STL 06/30/2018 07:15PM ET,STL,3.85
RP,Brett Cecil (10870460),Brett Cecil,10870460,P,4000,ATL@STL 06/30/2018 07:15PM ET,STL,1.35
RP,Luke Gregerson (10870461),Luke Gregerson,10870461,P,4000,ATL@STL 06/30/2018 07:15PM ET,STL,1.01
RP,Peter Moylan (10870465),Peter Moylan,10870465,P,4000,ATL@STL 06/30/2018 07:15PM ET,ATL,1.40
RP,Sam Freeman (10870491),Sam Freeman,10870491,P,4000,ATL@STL 06/30/2018 07:15PM ET,ATL,2.26
RP,Chad Bell (10870492),Chad Bell,10870492,P,4000,ATL@STL 06/30/2018 07:15PM ET,ATL,2.3
RP,Greg Holland (10870494),Greg Holland,10870494,P,4000,ATL@STL 06/30/2018 07:15PM ET,STL,1.06
RP,Trevor Rosenthal (10870500),Trevor Rosenthal,10870500,P,4000,ATL@STL 06/30/2018 07:15PM ET,STL,0
RP,Tyler Lyons (10870505),Tyler Lyons,10870505,P,4000,ATL@STL 06/30/2018 07:15PM ET,STL,1.47
RP,Arodys Vizcaino (10870510),Arodys Vizcaino,10870510,P,4000,ATL@STL 06/30/2018 07:15PM ET,ATL,3.57
RP,Mike Mayers (10870529),Mike Mayers,10870529,P,4000,ATL@STL 06/30/2018 07:15PM ET,STL,3.74
RP,A.J. Minter (10870530),A.J. Minter,10870530,P,4000,ATL@STL 06/30/2018 07:15PM ET,ATL,3.01
RP,Matt Bowman (10870536),Matt Bowman,10870536,P,4000,ATL@STL 06/30/2018 07:15PM ET,STL,2.37
RP,Dominic Leone (10870542),Dominic Leone,10870542,P,4000,ATL@STL 06/30/2018 07:15PM ET,STL,2.53
RP,Jacob Lindgren (10870550),Jacob Lindgren,10870550,P,4000,ATL@STL 06/30/2018 07:15PM ET,ATL,0
RP,Luke Jackson (10870557),Luke Jackson,10870557,P,4000,ATL@STL 06/30/2018 07:15PM ET,ATL,4.09
SP,Jesse Biddle (10870558),Jesse Biddle,10870558,P,4000,ATL@STL 06/30/2018 07:15PM ET,ATL,3.84
RP,Sam Tuivailala (10870559),Sam Tuivailala,10870559,P,4000,ATL@STL 06/30/2018 07:15PM ET,STL,2.55
RP,Jose Ramirez (10870576),Jose Ramirez,10870576,P,4000,ATL@STL 06/30/2018 07:15PM ET,ATL,-1.02
RP,John Brebbia (10870587),John Brebbia,10870587,P,4000,ATL@STL 06/30/2018 07:15PM ET,STL,4.16
RP,Ryan Sherriff (10870593),Ryan Sherriff,10870593,P,4000,ATL@STL 06/30/2018 07:15PM ET,STL,0.83
OF,Denard Span (10869886),Denard Span,10869886,OF,4000,KC@SEA 06/30/2018 10:10PM ET,SEA,7.30
SP,Trevor Oaks (10870375),Trevor Oaks,10870375,P,4000,KC@SEA 06/30/2018 10:10PM ET,KC,3.05
RP,Roenis Elias (10870376),Roenis Elias,10870376,P,4000,KC@SEA 06/30/2018 10:10PM ET,SEA,7.54
SP,Jesse Hahn (10870377),Jesse Hahn,10870377,P,4000,KC@SEA 06/30/2018 10:10PM ET,KC,0
RP,Tim Hill (10870378),Tim Hill,10870378,P,4000,KC@SEA 06/30/2018 10:10PM ET,KC,1.58
SP,Scott Blewett (10870382),Scott Blewett,10870382,P,4000,KC@SEA 06/30/2018 10:10PM ET,KC,0
RP,Dan Altavilla (10870387),Dan Altavilla,10870387,P,4000,KC@SEA 06/30/2018 10:10PM ET,SEA,3.44
SP,Foster Griffin (10870390),Foster Griffin,10870390,P,4000,KC@SEA 06/30/2018 10:10PM ET,KC,0
SP,Nolan Watson (10870392),Nolan Watson,10870392,P,4000,KC@SEA 06/30/2018 10:10PM ET,KC,0
RP,Heath Fillmyer (10870407),Heath Fillmyer,10870407,P,4000,KC@SEA 06/30/2018 10:10PM ET,KC,4
RP,Kevin McCarthy (10870409),Kevin McCarthy,10870409,P,4000,KC@SEA 06/30/2018 10:10PM ET,KC,2.80
SP,Richard Lovelady (10870430),Richard Lovelady,10870430,P,4000,KC@SEA 06/30/2018 10:10PM ET,KC,0
SP,Wily Peralta (10870443),Wily Peralta,10870443,P,4000,KC@SEA 06/30/2018 10:10PM ET,KC,3.26
RP,Blaine Boyer (10870474),Blaine Boyer,10870474,P,4000,KC@SEA 06/30/2018 10:10PM ET,KC,-0.36
RP,Nick Vincent (10870476),Nick Vincent,10870476,P,4000,KC@SEA 06/30/2018 10:10PM ET,SEA,2.48
RP,David Phelps (10870479),David Phelps,10870479,P,4000,KC@SEA 06/30/2018 10:10PM ET,SEA,0
RP,Juan Nicasio (10870483),Juan Nicasio,10870483,P,4000,KC@SEA 06/30/2018 10:10PM ET,SEA,2.52
RP,Justin Grimm (10870489),Justin Grimm,10870489,P,4000,KC@SEA 06/30/2018 10:10PM ET,KC,-0.51
RP,Brian Flynn (10870507),Brian Flynn,10870507,P,4000,KC@SEA 06/30/2018 10:10PM ET,KC,2.19
RP,Brandon Maurer (10870509),Brandon Maurer,10870509,P,4000,KC@SEA 06/30/2018 10:10PM ET,KC,0.08
RP,Alex Colome (10870517),Alex Colome,10870517,P,4000,KC@SEA 06/30/2018 10:10PM ET,SEA,2.36
RP,Edwin Diaz (10870520),Edwin Diaz,10870520,P,4000,KC@SEA 06/30/2018 10:10PM ET,SEA,4.32
RP,Nick Rumbelow (10870528),Nick Rumbelow,10870528,P,4000,KC@SEA 06/30/2018 10:10PM ET,SEA,4.34
RP,Chasen Bradford (10870537),Chasen Bradford,10870537,P,4000,KC@SEA 06/30/2018 10:10PM ET,SEA,3.66
SP,Kyle Zimmer (10870543),Kyle Zimmer,10870543,P,4000,KC@SEA 06/30/2018 10:10PM ET,KC,0
SP,Burch Smith (10870573),Burch Smith,10870573,P,4000,KC@SEA 06/30/2018 10:10PM ET,KC,2.95
RP,James Pazos (10870577),James Pazos,10870577,P,4000,KC@SEA 06/30/2018 10:10PM ET,SEA,2.80
RP,Tony Zych (10870585),Tony Zych,10870585,P,4000,KC@SEA 06/30/2018 10:10PM ET,SEA,0
RP,Christian Bergman (10870597),Christian Bergman,10870597,P,4000,KC@SEA 06/30/2018 10:10PM ET,SEA,24.55
RP,Jason Adam (10870598),Jason Adam,10870598,P,4000,KC@SEA 06/30/2018 10:10PM ET,KC,2.60
RP,Casey Lawrence (10870601),Casey Lawrence,10870601,P,4000,KC@SEA 06/30/2018 10:10PM ET,SEA,1.1
1B,Eric Hosmer (10869898),Eric Hosmer,10869898,1B,4000,PIT@SD 06/30/2018 10:10PM ET,SD,7.54
2B,Josh Harrison (10869911),Josh Harrison,10869911,2B,4000,PIT@SD 06/30/2018 10:10PM ET,PIT,7.11
RP,Edgar Santana (10870379),Edgar Santana,10870379,P,4000,PIT@SD 06/30/2018 10:10PM ET,PIT,2.47
SP,Anderson Espinoza (10870396),Anderson Espinoza,10870396,P,4000,PIT@SD 06/30/2018 10:10PM ET,SD,0
SP,Austin Smith (10870400),Austin Smith,10870400,P,4000,PIT@SD 06/30/2018 10:10PM ET,SD,0
SP,Logan Allen (10870402),Logan Allen,10870402,P,4000,PIT@SD 06/30/2018 10:10PM ET,SD,0
SP,Chris Paddack (10870403),Chris Paddack,10870403,P,4000,PIT@SD 06/30/2018 10:10PM ET,SD,0
RP,Tanner Anderson (10870404),Tanner Anderson,10870404,P,4000,PIT@SD 06/30/2018 10:10PM ET,PIT,0
RP,Jose Castillo (10870417),Jose Castillo,10870417,P,4000,PIT@SD 06/30/2018 10:10PM ET,SD,4.25
RP,Adam Cimber (10870420),Adam Cimber,10870420,P,4000,PIT@SD 06/30/2018 10:10PM ET,SD,4.07
SP,Adrian Morejon (10870427),Adrian Morejon,10870427,P,4000,PIT@SD 06/30/2018 10:10PM ET,SD,0
SP,Michel Baez (10870428),Michel Baez,10870428,P,4000,PIT@SD 06/30/2018 10:10PM ET,SD,0
SP,Shane Baz (10870440),Shane Baz,10870440,P,4000,PIT@SD 06/30/2018 10:10PM ET,PIT,0
SP,MacKenzie Gore (10870441),MacKenzie Gore,10870441,P,4000,PIT@SD 06/30/2018 10:10PM ET,SD,0
RP,Craig Stammen (10870446),Craig Stammen,10870446,P,4000,PIT@SD 06/30/2018 10:10PM ET,SD,4.04
RP,Chris Young (10870473),Chris Young,10870473,P,4000,PIT@SD 06/30/2018 10:10PM ET,SD,0
RP,Brad Hand (10870480),Brad Hand,10870480,P,4000,PIT@SD 06/30/2018 10:10PM ET,SD,4.17
SP,Bryan Mitchell (10870499),Bryan Mitchell,10870499,P,4000,PIT@SD 06/30/2018 10:10PM ET,SD,1.56
SP,Robbie Erlin (10870501),Robbie Erlin,10870501,P,4000,PIT@SD 06/30/2018 10:10PM ET,SD,5.30
RP,Robert Stock (10870503),Robert Stock,10870503,P,4000,PIT@SD 06/30/2018 10:10PM ET,SD,3.47
RP,Bo Schultz (10870514),Bo Schultz,10870514,P,4000,PIT@SD 06/30/2018 10:10PM ET,PIT,0
SP,Nik Turley (10870515),Nik Turley,10870515,P,4000,PIT@SD 06/30/2018 10:10PM ET,PIT,0
SP,Walker Lockett (10870519),Walker Lockett,10870519,P,4000,PIT@SD 06/30/2018 10:10PM ET,SD,-1.15
RP,Miguel Diaz (10870521),Miguel Diaz,10870521,P,4000,PIT@SD 06/30/2018 10:10PM ET,SD,0
SP,Taylor Hearn (10870532),Taylor Hearn,10870532,P,4000,PIT@SD 06/30/2018 10:10PM ET,PIT,0
RP,Nick Burdi (10870539),Nick Burdi,10870539,P,4000,PIT@SD 06/30/2018 10:10PM ET,PIT,0
RP,Kyle Crick (10870544),Kyle Crick,10870544,P,4000,PIT@SD 06/30/2018 10:10PM ET,PIT,2.78
SP,Clay Holmes (10870552),Clay Holmes,10870552,P,4000,PIT@SD 06/30/2018 10:10PM ET,PIT,4
RP,Richard Rodriguez (10870556),Richard Rodriguez,10870556,P,4000,PIT@SD 06/30/2018 10:10PM ET,PIT,4.75
RP,A.J. Schugel (10870564),A.J. Schugel,10870564,P,4000,PIT@SD 06/30/2018 10:10PM ET,PIT,0
RP,Kirby Yates (10870567),Kirby Yates,10870567,P,4000,PIT@SD 06/30/2018 10:10PM ET,SD,4.29
RP,Felipe Vazquez (10870568),Felipe Vazquez,10870568,P,4000,PIT@SD 06/30/2018 10:10PM ET,PIT,3.39
RP,Enny Romero (10870574),Enny Romero,10870574,P,4000,PIT@SD 06/30/2018 10:10PM ET,PIT,1.82
SP,Luis Perdomo (10870581),Luis Perdomo,10870581,P,4000,PIT@SD 06/30/2018 10:10PM ET,SD,5.48
RP,Kazuhisa Makita (10870583),Kazuhisa Makita,10870583,P,4000,PIT@SD 06/30/2018 10:10PM ET,SD,2.64
SP,Colin Rea (10870584),Colin Rea,10870584,P,4000,PIT@SD 06/30/2018 10:10PM ET,SD,0
RP,Michael Feliz (10870588),Michael Feliz,10870588,P,4000,PIT@SD 06/30/2018 10:10PM ET,PIT,2.49
SP,Dillon Overton (10870595),Dillon Overton,10870595,P,4000,PIT@SD 06/30/2018 10:10PM ET,SD,0
RP,Dennis Santana (10870374),Dennis Santana,10870374,P,4000,COL@LAD 06/30/2018 07:15PM ET,LAD,2.72
SP,Mike Nikorak (10870391),Mike Nikorak,10870391,P,4000,COL@LAD 06/30/2018 07:15PM ET,COL,0
SP,Peter Lambert (10870399),Peter Lambert,10870399,P,4000,COL@LAD 06/30/2018 07:15PM ET,COL,0
SP,Jordan Sheffield (10870408),Jordan Sheffield,10870408,P,4000,COL@LAD 06/30/2018 07:15PM ET,LAD,0
RP,Harrison Musgrave (10870413),Harrison Musgrave,10870413,P,4000,COL@LAD 06/30/2018 07:15PM ET,COL,2.77
SP,Dustin May (10870429),Dustin May,10870429,P,4000,COL@LAD 06/30/2018 07:15PM ET,LAD,0
SP,Riley Pint (10870433),Riley Pint,10870433,P,4000,COL@LAD 06/30/2018 07:15PM ET,COL,0
RP,Adam Ottavino (10870442),Adam Ottavino,10870442,P,4000,COL@LAD 06/30/2018 07:15PM ET,COL,5.40
RP,Kenley Jansen (10870445),Kenley Jansen,10870445,P,4000,COL@LAD 06/30/2018 07:15PM ET,LAD,3.29
RP,Jake McGee (10870467),Jake McGee,10870467,P,4000,COL@LAD 06/30/2018 07:15PM ET,COL,1.78
RP,Mike Dunn (10870469),Mike Dunn,10870469,P,4000,COL@LAD 06/30/2018 07:15PM ET,COL,0.25
RP,Wade Davis (10870470),Wade Davis,10870470,P,4000,COL@LAD 06/30/2018 07:15PM ET,COL,2.52
RP,Daniel Hudson (10870475),Daniel Hudson,10870475,P,4000,COL@LAD 06/30/2018 07:15PM ET,LAD,3.27
RP,Chris Rusin (10870477),Chris Rusin,10870477,P,4000,COL@LAD 06/30/2018 07:15PM ET,COL,2.00
RP,Pedro Baez (10870490),Pedro Baez,10870490,P,4000,COL@LAD 06/30/2018 07:15PM ET,LAD,3.43
RP,Josh Fields (10870493),Josh Fields,10870493,P,4000,COL@LAD 06/30/2018 07:15PM ET,LAD,2.81
RP,Edward Paredes (10870495),Edward Paredes,10870495,P,4000,COL@LAD 06/30/2018 07:15PM ET,LAD,2.74
RP,Zac Rosscup (10870497),Zac Rosscup,10870497,P,4000,COL@LAD 06/30/2018 07:15PM ET,COL,0
RP,Rayan Gonzalez (10870506),Rayan Gonzalez,10870506,P,4000,COL@LAD 06/30/2018 07:15PM ET,COL,0
RP,Bryan Shaw (10870511),Bryan Shaw,10870511,P,4000,COL@LAD 06/30/2018 07:15PM ET,COL,1.42
SP,Antonio Senzatela (10870522),Antonio Senzatela,10870522,P,4000,COL@LAD 06/30/2018 07:15PM ET,COL,3.3
SP,Yency Almonte (10870535),Yency Almonte,10870535,P,4000,COL@LAD 06/30/2018 07:15PM ET,COL,2.65
RP,Carlos Estevez (10870549),Carlos Estevez,10870549,P,4000,COL@LAD 06/30/2018 07:15PM ET,COL,0
RP,Tony Cingrani (10870554),Tony Cingrani,10870554,P,4000,COL@LAD 06/30/2018 07:15PM ET,LAD,3.12
RP,Erik Goeddel (10870562),Erik Goeddel,10870562,P,4000,COL@LAD 06/30/2018 07:15PM ET,LAD,4.07
RP,Scott Alexander (10870563),Scott Alexander,10870563,P,4000,COL@LAD 06/30/2018 07:15PM ET,LAD,2.16
RP,Yimi Garcia (10870565),Yimi Garcia,10870565,P,4000,COL@LAD 06/30/2018 07:15PM ET,LAD,1.85
RP,Scott Oberg (10870570),Scott Oberg,10870570,P,4000,COL@LAD 06/30/2018 07:15PM ET,COL,2.42
RP,Jesen Therrien (10870594),Jesen Therrien,10870594,P,4000,COL@LAD 06/30/2018 07:15PM ET,LAD,0
SS,Didi Gregorius (10869882),Didi Gregorius,10869882,SS,4000,BOS@NYY 06/30/2018 07:15PM ET,NYY,8.84
SP,Tanner Houck (10870386),Tanner Houck,10870386,P,4000,BOS@NYY 06/30/2018 07:15PM ET,BOS,0
SP,Darwinzon Hernandez (10870388),Darwinzon Hernandez,10870388,P,4000,BOS@NYY 06/30/2018 07:15PM ET,BOS,0
SP,Albert Abreu (10870389),Albert Abreu,10870389,P,4000,BOS@NYY 06/30/2018 07:15PM ET,NYY,0
SP,Roniel Raudes (10870395),Roniel Raudes,10870395,P,4000,BOS@NYY 06/30/2018 07:15PM ET,BOS,0
SP,Freicer Perez (10870397),Freicer Perez,10870397,P,4000,BOS@NYY 06/30/2018 07:15PM ET,NYY,0
SP,Travis Lakins (10870398),Travis Lakins,10870398,P,4000,BOS@NYY 06/30/2018 07:15PM ET,BOS,0
SP,Bryan Mata (10870405),Bryan Mata,10870405,P,4000,BOS@NYY 06/30/2018 07:15PM ET,BOS,0
RP,Ben Heller (10870406),Ben Heller,10870406,P,4000,BOS@NYY 06/30/2018 07:15PM ET,NYY,0
SP,Mike Shawaryn (10870414),Mike Shawaryn,10870414,P,4000,BOS@NYY 06/30/2018 07:15PM ET,BOS,0
SP,Jake Thompson (10870415),Jake Thompson,10870415,P,4000,BOS@NYY 06/30/2018 07:15PM ET,BOS,0
SP,Jason Groome (10870434),Jason Groome,10870434,P,4000,BOS@NYY 06/30/2018 07:15PM ET,BOS,0
SP,Clarke Schmidt (10870439),Clarke Schmidt,10870439,P,4000,BOS@NYY 06/30/2018 07:15PM ET,NYY,0
SP,Jonathon Niese (10870444),Jonathon Niese,10870444,P,4000,BOS@NYY 06/30/2018 07:15PM ET,NYY,0
RP,Dellin Betances (10870451),Dellin Betances,10870451,P,4000,BOS@NYY 06/30/2018 07:15PM ET,NYY,4.91
RP,David Robertson (10870455),David Robertson,10870455,P,4000,BOS@NYY 06/30/2018 07:15PM ET,NYY,3.84
RP,Craig Kimbrel (10870482),Craig Kimbrel,10870482,P,4000,BOS@NYY 06/30/2018 07:15PM ET,BOS,4.22
SP,Brandon Workman (10870496),Brandon Workman,10870496,P,4000,BOS@NYY 06/30/2018 07:15PM ET,BOS,4.11
SP,Joe Kelly (10870502),Joe Kelly,10870502,P,4000,BOS@NYY 06/30/2018 07:15PM ET,BOS,3
RP,Adam Warren (10870504),Adam Warren,10870504,P,4000,BOS@NYY 06/30/2018 07:15PM ET,NYY,3.74
SP,Ty Buttrey (10870518),Ty Buttrey,10870518,P,4000,BOS@NYY 06/30/2018 07:15PM ET,BOS,0
RP,Jonathan Holder (10870527),Jonathan Holder,10870527,P,4000,BOS@NYY 06/30/2018 07:15PM ET,NYY,4.12
RP,Giovanny Gallegos (10870531),Giovanny Gallegos,10870531,P,4000,BOS@NYY 06/30/2018 07:15PM ET,NYY,11.42
RP,Branden Pinder (10870548),Branden Pinder,10870548,P,4000,BOS@NYY 06/30/2018 07:15PM ET,NYY,0
RP,Carson Smith (10870555),Carson Smith,10870555,P,4000,BOS@NYY 06/30/2018 07:15PM ET,BOS,2.68
RP,Tyler Thornburg (10870560),Tyler Thornburg,10870560,P,4000,BOS@NYY 06/30/2018 07:15PM ET,BOS,0
RP,Aroldis Chapman (10870569),Aroldis Chapman,10870569,P,4000,BOS@NYY 06/30/2018 07:15PM ET,NYY,5.17
RP,Matt Barnes (10870571),Matt Barnes,10870571,P,4000,BOS@NYY 06/30/2018 07:15PM ET,BOS,4.09
RP,Austin Maddox (10870578),Austin Maddox,10870578,P,4000,BOS@NYY 06/30/2018 07:15PM ET,BOS,0
SP,Chad Green (10870590),Chad Green,10870590,P,4000,BOS@NYY 06/30/2018 07:15PM ET,NYY,5.32
RP,Justin Haley (10870592),Justin Haley,10870592,P,4000,BOS@NYY 06/30/2018 07:15PM ET,BOS,0.35
RP,Heath Hembree (10870599),Heath Hembree,10870599,P,4000,BOS@NYY 06/30/2018 07:15PM ET,BOS,3.57
RP,Chasen Shreve (10870600),Chasen Shreve,10870600,P,4000,BOS@NYY 06/30/2018 07:15PM ET,NYY,2.8
3B,Adrian Beltre (10869890),Adrian Beltre,10869890,3B,3900,CWS@TEX 06/30/2018 09:05PM ET,TEX,6.92
1B/OF,Joey Gallo (10869891),Joey Gallo,10869891,1B/OF,3900,CWS@TEX 06/30/2018 09:05PM ET,TEX,7.24
OF,Delino DeShields (10869893),Delino DeShields,10869893,OF,3900,CWS@TEX 06/30/2018 09:05PM ET,TEX,7.28
SS,Elvis Andrus (10869894),Elvis Andrus,10869894,SS,3900,CWS@TEX 06/30/2018 09:05PM ET,TEX,7
OF,Austin Meadows (10869895),Austin Meadows,10869895,OF,3900,PIT@SD 06/30/2018 10:10PM ET,PIT,7.41
C,Yasmani Grandal (10869896),Yasmani Grandal,10869896,C,3900,COL@LAD 06/30/2018 07:15PM ET,LAD,6.98
OF,David Dahl (10869897),David Dahl,10869897,OF,3900,COL@LAD 06/30/2018 07:15PM ET,COL,5.66
OF,Yasiel Puig (10869899),Yasiel Puig,10869899,OF,3900,COL@LAD 06/30/2018 07:15PM ET,LAD,6.93
2B,Dustin Pedroia (10869905),Dustin Pedroia,10869905,2B,3900,BOS@NYY 06/30/2018 07:15PM ET,BOS,3
1B/3B,Matt Davidson (10869907),Matt Davidson,10869907,1B/3B,3800,CWS@TEX 06/30/2018 09:05PM ET,CWS,7.14
OF,Marcell Ozuna (10869912),Marcell Ozuna,10869912,OF,3800,ATL@STL 06/30/2018 07:15PM ET,STL,7.24
2B/OF,Whit Merrifield (10869903),Whit Merrifield,10869903,2B/OF,3800,KC@SEA 06/30/2018 10:10PM ET,KC,7.68
1B,Ryon Healy (10869909),Ryon Healy,10869909,1B,3800,KC@SEA 06/30/2018 10:10PM ET,SEA,6.98
3B,Christian Villanueva (10869902),Christian Villanueva,10869902,3B,3800,PIT@SD 06/30/2018 10:10PM ET,SD,6.7
OF,Travis Jankowski (10869910),Travis Jankowski,10869910,OF,3800,PIT@SD 06/30/2018 10:10PM ET,SD,6.40
OF/SS,Chris Taylor (10869913),Chris Taylor,10869913,SS/OF,3800,COL@LAD 06/30/2018 07:15PM ET,LAD,7.54
OF,Clint Frazier (10869901),Clint Frazier,10869901,OF,3800,BOS@NYY 06/30/2018 07:15PM ET,NYY,6.12
C,Gary Sanchez (10869906),Gary Sanchez,10869906,C,3800,BOS@NYY 06/30/2018 07:15PM ET,NYY,7.59
OF,Jon Jay (10869920),Jon Jay,10869920,OF,3700,SF@ARI 06/30/2018 10:10PM ET,ARI,7.04
2B/SS,Ketel Marte (10869941),Ketel Marte,10869941,2B/SS,3700,SF@ARI 06/30/2018 10:10PM ET,ARI,6.49
2B,Rougned Odor (10869915),Rougned Odor,10869915,2B,3700,CWS@TEX 06/30/2018 09:05PM ET,TEX,5.96
OF,Avisail Garcia (10869925),Avisail Garcia,10869925,OF,3700,CWS@TEX 06/30/2018 09:05PM ET,CWS,5.77
C,Kurt Suzuki (10869921),Kurt Suzuki,10869921,C,3700,ATL@STL 06/30/2018 07:15PM ET,ATL,6.90
OF,Hunter Renfroe (10869919),Hunter Renfroe,10869919,OF,3700,PIT@SD 06/30/2018 10:10PM ET,SD,6.29
OF,Corey Dickerson (10869923),Corey Dickerson,10869923,OF,3700,PIT@SD 06/30/2018 10:10PM ET,PIT,6.97
OF,Manuel Margot (10869924),Manuel Margot,10869924,OF,3700,PIT@SD 06/30/2018 10:10PM ET,SD,5.91
1B,Ian Desmond (10869917),Ian Desmond,10869917,1B,3700,COL@LAD 06/30/2018 07:15PM ET,COL,7.46
3B,Justin Turner (10869918),Justin Turner,10869918,3B,3700,COL@LAD 06/30/2018 07:15PM ET,LAD,6.97
OF,Gerardo Parra (10869922),Gerardo Parra,10869922,OF,3700,COL@LAD 06/30/2018 07:15PM ET,COL,6.48
2B,Gleyber Torres (10869916),Gleyber Torres,10869916,2B,3700,BOS@NYY 06/30/2018 07:15PM ET,NYY,8.21
OF,Jackie Bradley Jr. (10869926),Jackie Bradley Jr.,10869926,OF,3700,BOS@NYY 06/30/2018 07:15PM ET,BOS,5.78
2B/3B,Daniel Descalso (10869934),Daniel Descalso,10869934,2B/3B,3600,SF@ARI 06/30/2018 10:10PM ET,ARI,6.51
C,John Ryan Murphy (10869937),John Ryan Murphy,10869937,C,3600,SF@ARI 06/30/2018 10:10PM ET,ARI,5.38
OF,Daniel Palka (10869928),Daniel Palka,10869928,OF,3600,CWS@TEX 06/30/2018 09:05PM ET,CWS,6.25
OF,Eloy Jimenez (10869930),Eloy Jimenez,10869930,OF,3600,CWS@TEX 06/30/2018 09:05PM ET,CWS,0
OF,Tyler O'Neill (10869929),Tyler O'Neill,10869929,OF,3600,ATL@STL 06/30/2018 07:15PM ET,STL,5
SS,Dansby Swanson (10869940),Dansby Swanson,10869940,SS,3600,ATL@STL 06/30/2018 07:15PM ET,ATL,7.06
C,Salvador Perez (10869938),Salvador Perez,10869938,C,3600,KC@SEA 06/30/2018 10:10PM ET,KC,6.53
1B,Lucas Duda (10869939),Lucas Duda,10869939,1B,3600,KC@SEA 06/30/2018 10:10PM ET,KC,6.09
3B/SS,Jung Ho Kang (10869932),Jung Ho Kang,10869932,3B/SS,3600,PIT@SD 06/30/2018 10:10PM ET,PIT,0
C,Francisco Cervelli (10869936),Francisco Cervelli,10869936,C,3600,PIT@SD 06/30/2018 10:10PM ET,PIT,7.76
OF,Carlos Gonzalez (10869931),Carlos Gonzalez,10869931,OF,3600,COL@LAD 06/30/2018 07:15PM ET,COL,6.65
3B,Miguel Andujar (10869927),Miguel Andujar,10869927,3B,3600,BOS@NYY 06/30/2018 07:15PM ET,NYY,7.83
2B/3B,Alen Hanson (10869948),Alen Hanson,10869948,2B/3B,3500,SF@ARI 06/30/2018 10:10PM ET,SF,7.15
2B,Joe Panik (10869961),Joe Panik,10869961,2B,3500,SF@ARI 06/30/2018 10:10PM ET,SF,6.06
C,Robinson Chirinos (10869944),Robinson Chirinos,10869944,C,3500,CWS@TEX 06/30/2018 09:05PM ET,TEX,6.67
OF,Nicky Delmonico (10869950),Nicky Delmonico,10869950,OF,3500,CWS@TEX 06/30/2018 09:05PM ET,CWS,4.73
OF,Charlie Tilson (10869955),Charlie Tilson,10869955,OF,3500,CWS@TEX 06/30/2018 09:05PM ET,CWS,4.55
3B/SS,Johan Camargo (10869951),Johan Camargo,10869951,3B/SS,3500,ATL@STL 06/30/2018 07:15PM ET,ATL,6.70
OF,Harrison Bader (10869953),Harrison Bader,10869953,OF,3500,ATL@STL 06/30/2018 07:15PM ET,STL,4.74
1B,Josh Bell (10869954),Josh Bell,10869954,1B,3500,PIT@SD 06/30/2018 10:10PM ET,PIT,6.49
OF/SS,Kike Hernandez (10869946),Kike Hernandez,10869946,SS/OF,3500,COL@LAD 06/30/2018 07:15PM ET,LAD,5.73
OF,Brett Gardner (10869943),Brett Gardner,10869943,OF,3500,BOS@NYY 06/30/2018 07:15PM ET,NYY,7.71
1B,Greg Bird (10869945),Greg Bird,10869945,1B,3500,BOS@NYY 06/30/2018 07:15PM ET,NYY,5.90
2B/SS,Eduardo Nunez (10869956),Eduardo Nunez,10869956,2B/SS,3500,BOS@NYY 06/30/2018 07:15PM ET,BOS,5.83
C,Austin Romine (10869958),Austin Romine,10869958,C,3500,BOS@NYY 06/30/2018 07:15PM ET,NYY,6.58
1B/OF,Steve Pearce (10869959),Steve Pearce,10869959,1B/OF,3500,BOS@NYY 06/30/2018 07:15PM ET,BOS,7.22
OF,Gorkys Hernandez (10869968),Gorkys Hernandez,10869968,OF,3400,SF@ARI 06/30/2018 10:10PM ET,SF,5.96
3B,Evan Longoria (10869976),Evan Longoria,10869976,3B,3400,SF@ARI 06/30/2018 10:10PM ET,SF,6.70
1B/3B,Pablo Sandoval (10869979),Pablo Sandoval,10869979,1B/3B,3400,SF@ARI 06/30/2018 10:10PM ET,SF,4.40
SS,Nick Ahmed (10869982),Nick Ahmed,10869982,SS,3400,SF@ARI 06/30/2018 10:10PM ET,ARI,6.06
C,Nick Hundley (10869983),Nick Hundley,10869983,C,3400,SF@ARI 06/30/2018 10:10PM ET,SF,6.16
2B/3B,Isiah Kiner-Falefa (10869962),Isiah Kiner-Falefa,10869962,2B/3B,3400,CWS@TEX 06/30/2018 09:05PM ET,TEX,6.4
2B/OF,Willie Calhoun (10869966),Willie Calhoun,10869966,2B/OF,3400,CWS@TEX 06/30/2018 09:05PM ET,TEX,0
OF,Leury Garcia (10869971),Leury Garcia,10869971,OF,3400,CWS@TEX 06/30/2018 09:05PM ET,CWS,5.91
1B,Ronald Guzman (10869973),Ronald Guzman,10869973,1B,3400,CWS@TEX 06/30/2018 09:05PM ET,TEX,5.97
C,Tyler Flowers (10869981),Tyler Flowers,10869981,C,3400,ATL@STL 06/30/2018 07:15PM ET,ATL,6.5
2B/3B,Jedd Gyorko (10869984),Jedd Gyorko,10869984,2B/3B,3400,ATL@STL 06/30/2018 07:15PM ET,STL,4.21
OF,Jorge Soler (10869972),Jorge Soler,10869972,OF,3400,KC@SEA 06/30/2018 10:10PM ET,KC,7.62
OF,Franchy Cordero (10869969),Franchy Cordero,10869969,OF,3400,PIT@SD 06/30/2018 10:10PM ET,SD,7.3
2B/3B,Cory Spangenberg (10869974),Cory Spangenberg,10869974,2B/3B,3400,PIT@SD 06/30/2018 10:10PM ET,SD,5.02
2B,Tyler Wade (10869970),Tyler Wade,10869970,2B,3400,BOS@NYY 06/30/2018 07:15PM ET,NYY,2.23
2B/SS,Brock Holt (10869977),Brock Holt,10869977,2B/SS,3400,BOS@NYY 06/30/2018 07:15PM ET,BOS,5.88
OF,Austin Slater (10869987),Austin Slater,10869987,OF,3300,SF@ARI 06/30/2018 10:10PM ET,SF,5.9
OF,Steven Souza Jr. (10870001),Steven Souza Jr.,10870001,OF,3300,SF@ARI 06/30/2018 10:10PM ET,ARI,2.86
2B/SS,Jose Rondon (10869989),Jose Rondon,10869989,2B/SS,3300,CWS@TEX 06/30/2018 09:05PM ET,CWS,4.86
1B,Tommy Joseph (10869991),Tommy Joseph,10869991,1B,3300,CWS@TEX 06/30/2018 09:05PM ET,TEX,0
3B/OF,Charlie Culberson (10869999),Charlie Culberson,10869999,3B/OF,3300,ATL@STL 06/30/2018 07:15PM ET,ATL,5.33
SS,Yairo Munoz (10870003),Yairo Munoz,10870003,SS,3300,ATL@STL 06/30/2018 07:15PM ET,STL,4.71
2B/SS,Adalberto Mondesi (10869964),Adalberto Mondesi,10869964,2B/SS,3300,KC@SEA 06/30/2018 10:10PM ET,KC,7.1
C,Mike Zunino (10869988),Mike Zunino,10869988,C,3300,KC@SEA 06/30/2018 10:10PM ET,SEA,6.02
OF,John Andreoli (10869992),John Andreoli,10869992,OF,3300,KC@SEA 06/30/2018 10:10PM ET,SEA,5
OF,Ben Gamel (10869998),Ben Gamel,10869998,OF,3300,KC@SEA 06/30/2018 10:10PM ET,SEA,5.35
C,Elias Diaz (10869995),Elias Diaz,10869995,C,3300,PIT@SD 06/30/2018 10:10PM ET,PIT,5.65
3B,Colin Moran (10869997),Colin Moran,10869997,3B,3300,PIT@SD 06/30/2018 10:10PM ET,PIT,5.75
OF,Tim Locastro (10869993),Tim Locastro,10869993,OF,3300,COL@LAD 06/30/2018 07:15PM ET,LAD,2.62
OF,Yusniel Diaz (10870002),Yusniel Diaz,10870002,OF,3300,COL@LAD 06/30/2018 07:15PM ET,LAD,0
1B,Tyler Austin (10869986),Tyler Austin,10869986,1B,3300,BOS@NYY 06/30/2018 07:15PM ET,NYY,7.41
OF,Billy McKinney (10869994),Billy McKinney,10869994,OF,3300,BOS@NYY 06/30/2018 07:15PM ET,NYY,1.5
1B,Sam Travis (10869996),Sam Travis,10869996,1B,3300,BOS@NYY 06/30/2018 07:15PM ET,BOS,3.5
2B/3B,Miguel Gomez (10870019),Miguel Gomez,10870019,2B/3B,3200,SF@ARI 06/30/2018 10:10PM ET,SF,2.22
OF,Mac Williamson (10870033),Mac Williamson,10870033,OF,3200,SF@ARI 06/30/2018 10:10PM ET,SF,6.18
OF,Ryan Cordell (10870006),Ryan Cordell,10870006,OF,3200,CWS@TEX 06/30/2018 09:05PM ET,CWS,0
C,Brett Nicholas (10870018),Brett Nicholas,10870018,C,3200,CWS@TEX 06/30/2018 09:05PM ET,TEX,0
3B,Trevor Plouffe (10870021),Trevor Plouffe,10870021,3B,3200,CWS@TEX 06/30/2018 09:05PM ET,TEX,0
OF,Preston Tucker (10870024),Preston Tucker,10870024,OF,3200,ATL@STL 06/30/2018 07:15PM ET,ATL,3.70
OF,Jorge Bonifacio (10870023),Jorge Bonifacio,10870023,OF,3200,KC@SEA 06/30/2018 10:10PM ET,KC,0
1B,Daniel Vogelbach (10870027),Daniel Vogelbach,10870027,1B,3200,KC@SEA 06/30/2018 10:10PM ET,SEA,4.65
1B,Hunter Dozier (10870030),Hunter Dozier,10870030,1B,3200,KC@SEA 06/30/2018 10:10PM ET,KC,5.05
OF,Alex Gordon (10870031),Alex Gordon,10870031,OF,3200,KC@SEA 06/30/2018 10:10PM ET,KC,5.77
2B/OF,Jose Pirela (10870004),Jose Pirela,10870004,2B/OF,3200,PIT@SD 06/30/2018 10:10PM ET,SD,6
SS,Fernando Tatis Jr. (10870007),Fernando Tatis Jr.,10870007,SS,3200,PIT@SD 06/30/2018 10:10PM ET,SD,0
2B,Luis Urias (10870008),Luis Urias,10870008,2B,3200,PIT@SD 06/30/2018 10:10PM ET,SD,0
OF,Alex Dickerson (10870012),Alex Dickerson,10870012,OF,3200,PIT@SD 06/30/2018 10:10PM ET,SD,0
2B/OF,Adam Frazier (10870014),Adam Frazier,10870014,2B/OF,3200,PIT@SD 06/30/2018 10:10PM ET,PIT,4
2B/SS,Max Moroff (10870025),Max Moroff,10870025,2B/SS,3200,PIT@SD 06/30/2018 10:10PM ET,PIT,3.88
1B/OF,Jose Osuna (10870028),Jose Osuna,10870028,1B/OF,3200,PIT@SD 06/30/2018 10:10PM ET,PIT,3.19
OF,Franmil Reyes (10870032),Franmil Reyes,10870032,OF,3200,PIT@SD 06/30/2018 10:10PM ET,SD,5.48
OF,Raimel Tapia (10870009),Raimel Tapia,10870009,OF,3200,COL@LAD 06/30/2018 07:15PM ET,COL,0
1B/OF,O'Koyea Dickson (10870010),O'Koyea Dickson,10870010,1B/OF,3200,COL@LAD 06/30/2018 07:15PM ET,LAD,0
OF,Alex Verdugo (10870013),Alex Verdugo,10870013,OF,3200,COL@LAD 06/30/2018 07:15PM ET,LAD,5.22
C,Tom Murphy (10870022),Tom Murphy,10870022,C,3200,COL@LAD 06/30/2018 07:15PM ET,COL,5.58
2B/3B,Brandon Drury (10870016),Brandon Drury,10870016,2B/3B,3200,BOS@NYY 06/30/2018 07:15PM ET,NYY,5.5
1B,Christian Walker (10870036),Christian Walker,10870036,1B,3100,SF@ARI 06/30/2018 10:10PM ET,ARI,2.06
OF,Yasmany Tomas (10870037),Yasmany Tomas,10870037,OF,3100,SF@ARI 06/30/2018 10:10PM ET,ARI,0
OF,Cesar Puello (10870039),Cesar Puello,10870039,OF,3100,SF@ARI 06/30/2018 10:10PM ET,ARI,0
OF,Socrates Brito (10870044),Socrates Brito,10870044,OF,3100,SF@ARI 06/30/2018 10:10PM ET,ARI,1.25
2B/OF,Drew Robinson (10870034),Drew Robinson,10870034,2B/OF,3100,CWS@TEX 06/30/2018 09:05PM ET,TEX,4.08
OF,Brett Eibner (10870046),Brett Eibner,10870046,OF,3100,CWS@TEX 06/30/2018 09:05PM ET,TEX,0
2B/SS,Hanser Alberto (10870052),Hanser Alberto,10870052,2B/SS,3100,CWS@TEX 06/30/2018 09:05PM ET,TEX,1
3B,Rio Ruiz (10870054),Rio Ruiz,10870054,3B,3100,ATL@STL 06/30/2018 07:15PM ET,ATL,0
C,Mike Marjama (10870049),Mike Marjama,10870049,C,3100,KC@SEA 06/30/2018 10:10PM ET,SEA,2.1
OF,Rosell Herrera (10870055),Rosell Herrera,10870055,OF,3100,KC@SEA 06/30/2018 10:10PM ET,KC,3.27
SS,Cole Tucker (10870038),Cole Tucker,10870038,SS,3100,PIT@SD 06/30/2018 10:10PM ET,PIT,0
OF,Jordan Luplow (10870043),Jordan Luplow,10870043,OF,3100,PIT@SD 06/30/2018 10:10PM ET,PIT,0
3B,Ke'Bryan Hayes (10870045),Ke'Bryan Hayes,10870045,3B,3100,PIT@SD 06/30/2018 10:10PM ET,PIT,0
1B/3B,David Freese (10870056),David Freese,10870056,1B/3B,3100,PIT@SD 06/30/2018 10:10PM ET,PIT,4.04
SS,Jordy Mercer (10870058),Jordy Mercer,10870058,SS,3100,PIT@SD 06/30/2018 10:10PM ET,PIT,5.93
OF,Mike Tauchman (10870042),Mike Tauchman,10870042,OF,3100,COL@LAD 06/30/2018 07:15PM ET,COL,1.62
3B/OF,Rob Segedin (10870047),Rob Segedin,10870047,3B/OF,3100,COL@LAD 06/30/2018 07:15PM ET,LAD,0
1B/3B,Ryan McMahon (10870050),Ryan McMahon,10870050,1B/3B,3100,COL@LAD 06/30/2018 07:15PM ET,COL,2.96
OF,Jacoby Ellsbury (10870040),Jacoby Ellsbury,10870040,OF,3100,BOS@NYY 06/30/2018 07:15PM ET,NYY,0
OF,Estevan Florial (10870041),Estevan Florial,10870041,OF,3100,BOS@NYY 06/30/2018 07:15PM ET,NYY,0
2B/SS,Tzu-Wei Lin (10870059),Tzu-Wei Lin,10870059,2B/SS,3100,BOS@NYY 06/30/2018 07:15PM ET,BOS,2.38
OF,Chris Owings (10870068),Chris Owings,10870068,OF,3000,SF@ARI 06/30/2018 10:10PM ET,ARI,4.66
OF,Jarrod Dyson (10870073),Jarrod Dyson,10870073,OF,3000,SF@ARI 06/30/2018 10:10PM ET,ARI,5.25
OF,Austin Jackson (10870077),Austin Jackson,10870077,OF,3000,SF@ARI 06/30/2018 10:10PM ET,SF,3.74
C,Kevan Smith (10870064),Kevan Smith,10870064,C,3000,CWS@TEX 06/30/2018 09:05PM ET,CWS,6.47
OF,Carlos Tocci (10870065),Carlos Tocci,10870065,OF,3000,CWS@TEX 06/30/2018 09:05PM ET,TEX,0.7
3B,Austin Riley (10870063),Austin Riley,10870063,3B,3000,ATL@STL 06/30/2018 07:15PM ET,ATL,0
OF,Danny Santana (10870072),Danny Santana,10870072,OF,3000,ATL@STL 06/30/2018 07:15PM ET,ATL,4.43
OF,Dexter Fowler (10870076),Dexter Fowler,10870076,OF,3000,ATL@STL 06/30/2018 07:15PM ET,STL,5.17
2B/3B,Ramon Torres (10870070),Ramon Torres,10870070,2B/3B,3000,KC@SEA 06/30/2018 10:10PM ET,KC,3.22
1B/3B,Cheslor Cuthbert (10870074),Cheslor Cuthbert,10870074,1B/3B,3000,KC@SEA 06/30/2018 10:10PM ET,KC,4.9
2B/SS,Breyvic Valera (10870066),Breyvic Valera,10870066,2B/SS,3000,COL@LAD 06/30/2018 07:15PM ET,LAD,1.95
C,Chris Iannetta (10870069),Chris Iannetta,10870069,C,3000,COL@LAD 06/30/2018 07:15PM ET,COL,5.91
1B/2B,Neil Walker (10870061),Neil Walker,10870061,1B/2B,3000,BOS@NYY 06/30/2018 07:15PM ET,NYY,4.53
OF,Steven Duggar (10870081),Steven Duggar,10870081,OF,2900,SF@ARI 06/30/2018 10:10PM ET,SF,0
3B,Ryder Jones (10870083),Ryder Jones,10870083,3B,2900,SF@ARI 06/30/2018 10:10PM ET,SF,0
SS,Jack Reinheimer (10870084),Jack Reinheimer,10870084,SS,2900,SF@ARI 06/30/2018 10:10PM ET,ARI,0
OF,Hunter Pence (10870086),Hunter Pence,10870086,OF,2900,SF@ARI 06/30/2018 10:10PM ET,SF,3.19
OF,Jeremy Hazelbaker (10870089),Jeremy Hazelbaker,10870089,OF,2900,SF@ARI 06/30/2018 10:10PM ET,ARI,0
OF,Gregor Blanco (10870108),Gregor Blanco,10870108,OF,2900,SF@ARI 06/30/2018 10:10PM ET,SF,4.38
OF,Jacob May (10870087),Jacob May,10870087,OF,2900,CWS@TEX 06/30/2018 09:05PM ET,CWS,0
OF,Adam Engel (10870105),Adam Engel,10870105,OF,2900,CWS@TEX 06/30/2018 09:05PM ET,CWS,4.76
1B/3B,Matt Skole (10870109),Matt Skole,10870109,1B/3B,2900,CWS@TEX 06/30/2018 09:05PM ET,CWS,6.5
2B/SS,Greg Garcia (10870079),Greg Garcia,10870079,2B/SS,2900,ATL@STL 06/30/2018 07:15PM ET,STL,2.77
1B,Luke Voit (10870085),Luke Voit,10870085,1B,2900,ATL@STL 06/30/2018 07:15PM ET,STL,3.38
SS,Tyler Smith (10870093),Tyler Smith,10870093,SS,2900,ATL@STL 06/30/2018 07:15PM ET,ATL,0
C,Rob Brantly (10870094),Rob Brantly,10870094,C,2900,ATL@STL 06/30/2018 07:15PM ET,ATL,0
OF,Bubba Starling (10870098),Bubba Starling,10870098,OF,2900,KC@SEA 06/30/2018 10:10PM ET,KC,0
SS,Freddy Galvis (10870078),Freddy Galvis,10870078,SS,2900,PIT@SD 06/30/2018 10:10PM ET,SD,5.55
2B,Christopher Bostick (10870088),Christopher Bostick,10870088,2B,2900,PIT@SD 06/30/2018 10:10PM ET,PIT,0
2B,Carlos Asuaje (10870090),Carlos Asuaje,10870090,2B,2900,PIT@SD 06/30/2018 10:10PM ET,SD,3.33
C,Jacob Stallings (10870095),Jacob Stallings,10870095,C,2900,PIT@SD 06/30/2018 10:10PM ET,PIT,2.5
C,A.J. Ellis (10870099),A.J. Ellis,10870099,C,2900,PIT@SD 06/30/2018 10:10PM ET,SD,5.33
1B/OF,Stephen Cardullo (10870091),Stephen Cardullo,10870091,1B/OF,2900,COL@LAD 06/30/2018 07:15PM ET,COL,0
C,Tony Wolters (10870100),Tony Wolters,10870100,C,2900,COL@LAD 06/30/2018 07:15PM ET,COL,3.62
2B/3B,Logan Forsythe (10870101),Logan Forsythe,10870101,2B/3B,2900,COL@LAD 06/30/2018 07:15PM ET,LAD,4.20
2B/C,Austin Barnes (10870103),Austin Barnes,10870103,C/2B,2900,COL@LAD 06/30/2018 07:15PM ET,LAD,3.36
OF,Franklin Gutierrez (10870106),Franklin Gutierrez,10870106,OF,2900,COL@LAD 06/30/2018 07:15PM ET,LAD,0
SS,Thairo Estrada (10870082),Thairo Estrada,10870082,SS,2900,BOS@NYY 06/30/2018 07:15PM ET,NYY,0
2B/SS,Ronald Torreyes (10870096),Ronald Torreyes,10870096,2B/SS,2900,BOS@NYY 06/30/2018 07:15PM ET,NYY,4.38
C,Sandy Leon (10870107),Sandy Leon,10870107,C,2900,BOS@NYY 06/30/2018 07:15PM ET,BOS,5.29
1B,Chris Shaw (10870112),Chris Shaw,10870112,1B,2800,SF@ARI 06/30/2018 10:10PM ET,SF,0
OF,Rey Fuentes (10870113),Rey Fuentes,10870113,OF,2800,SF@ARI 06/30/2018 10:10PM ET,ARI,0
2B/SS,Chase d'Arnaud (10870117),Chase d'Arnaud,10870117,2B/SS,2800,SF@ARI 06/30/2018 10:10PM ET,SF,0
C,Anthony Recker (10870125),Anthony Recker,10870125,C,2800,SF@ARI 06/30/2018 10:10PM ET,ARI,0
C,Cameron Rupp (10870114),Cameron Rupp,10870114,C,2800,CWS@TEX 06/30/2018 09:05PM ET,TEX,0
OF,Willy Garcia (10870115),Willy Garcia,10870115,OF,2800,CWS@TEX 06/30/2018 09:05PM ET,CWS,0
C,Dustin Garneau (10870116),Dustin Garneau,10870116,C,2800,CWS@TEX 06/30/2018 09:05PM ET,CWS,0
C,Omar Narvaez (10870123),Omar Narvaez,10870123,C,2800,CWS@TEX 06/30/2018 09:05PM ET,CWS,4.07
C,Juan Centeno (10870128),Juan Centeno,10870128,C,2800,CWS@TEX 06/30/2018 09:05PM ET,TEX,4.1
C,Alfredo Gonzalez (10870139),Alfredo Gonzalez,10870139,C,2800,CWS@TEX 06/30/2018 09:05PM ET,CWS,1.67
OF,Jaff Decker (10870119),Jaff Decker,10870119,OF,2800,ATL@STL 06/30/2018 07:15PM ET,ATL,0
2B,Kolten Wong (10870124),Kolten Wong,10870124,2B,2800,ATL@STL 06/30/2018 07:15PM ET,STL,4.08
3B,Ryan Flaherty (10870131),Ryan Flaherty,10870131,3B,2800,ATL@STL 06/30/2018 07:15PM ET,ATL,4.14
C,Chris Stewart (10870138),Chris Stewart,10870138,C,2800,ATL@STL 06/30/2018 07:15PM ET,ATL,4.6
OF,Tyler Collins (10870120),Tyler Collins,10870120,OF,2800,KC@SEA 06/30/2018 10:10PM ET,KC,0
3B/OF,Cody Asche (10870121),Cody Asche,10870121,3B/OF,2800,KC@SEA 06/30/2018 10:10PM ET,KC,0
OF,Abraham Almonte (10870129),Abraham Almonte,10870129,OF,2800,KC@SEA 06/30/2018 10:10PM ET,KC,4.15
OF,Guillermo Heredia (10870136),Guillermo Heredia,10870136,OF,2800,KC@SEA 06/30/2018 10:10PM ET,SEA,3.85
C,Raffy Lopez (10870111),Raffy Lopez,10870111,C,2800,PIT@SD 06/30/2018 10:10PM ET,SD,4.59
C,Austin Hedges (10870127),Austin Hedges,10870127,C,2800,PIT@SD 06/30/2018 10:10PM ET,SD,4.07
OF,Matt Szczur (10870133),Matt Szczur,10870133,OF,2800,PIT@SD 06/30/2018 10:10PM ET,SD,2.07
OF/SS,Sean Rodriguez (10870134),Sean Rodriguez,10870134,SS/OF,2800,PIT@SD 06/30/2018 10:10PM ET,PIT,3.47
OF,Noel Cuevas (10870126),Noel Cuevas,10870126,OF,2800,COL@LAD 06/30/2018 07:15PM ET,COL,2.86
2B,Daniel Castro (10870130),Daniel Castro,10870130,2B,2800,COL@LAD 06/30/2018 07:15PM ET,COL,2.83
2B,Chase Utley (10870132),Chase Utley,10870132,2B,2800,COL@LAD 06/30/2018 07:15PM ET,LAD,4.08
C,Christian Vazquez (10870137),Christian Vazquez,10870137,C,2800,BOS@NYY 06/30/2018 07:15PM ET,BOS,4.52
2B/SS,Kelby Tomlinson (10870143),Kelby Tomlinson,10870143,2B/SS,2700,SF@ARI 06/30/2018 10:10PM ET,SF,2.92
3B,Deven Marrero (10870150),Deven Marrero,10870150,3B,2700,SF@ARI 06/30/2018 10:10PM ET,ARI,2.22
OF,Trayce Thompson (10870149),Trayce Thompson,10870149,OF,2700,CWS@TEX 06/30/2018 09:05PM ET,CWS,2.92
C,Francisco Pena (10870142),Francisco Pena,10870142,C,2700,ATL@STL 06/30/2018 07:15PM ET,STL,3
C,Steven Baron (10870146),Steven Baron,10870146,C,2700,ATL@STL 06/30/2018 07:15PM ET,STL,1.5
OF,Peter Bourjos (10870147),Peter Bourjos,10870147,OF,2700,ATL@STL 06/30/2018 07:15PM ET,ATL,1.81
OF,Kyle Lewis (10870140),Kyle Lewis,10870140,OF,2700,KC@SEA 06/30/2018 10:10PM ET,SEA,0
C,David Freitas (10870145),David Freitas,10870145,C,2700,KC@SEA 06/30/2018 10:10PM ET,SEA,3.52
C/OF,Chris Herrmann (10870151),Chris Herrmann,10870151,C/OF,2700,KC@SEA 06/30/2018 10:10PM ET,SEA,4.2
SS,Alcides Escobar (10870153),Alcides Escobar,10870153,SS,2700,KC@SEA 06/30/2018 10:10PM ET,KC,4.62
3B,Kyle Farmer (10870141),Kyle Farmer,10870141,3B,2700,COL@LAD 06/30/2018 07:15PM ET,LAD,2.66
OF,Andrew Toles (10870148),Andrew Toles,10870148,OF,2700,COL@LAD 06/30/2018 07:15PM ET,LAD,0
1B/OF,Blake Swihart (10870163),Blake Swihart,10870163,1B/OF,2700,BOS@NYY 06/30/2018 07:15PM ET,BOS,2.29
OF,Jarrett Parker (10870155),Jarrett Parker,10870155,OF,2600,SF@ARI 06/30/2018 10:10PM ET,SF,0
2B/SS,Kristopher Negron (10870158),Kristopher Negron,10870158,2B/SS,2600,SF@ARI 06/30/2018 10:10PM ET,ARI,2.5
OF,Marcus Wilson (10870171),Marcus Wilson,10870171,OF,2600,SF@ARI 06/30/2018 10:10PM ET,ARI,0
C,Zack Collins (10870154),Zack Collins,10870154,C,2600,CWS@TEX 06/30/2018 09:05PM ET,CWS,0
OF,Ryan Rua (10870160),Ryan Rua,10870160,OF,2600,CWS@TEX 06/30/2018 09:05PM ET,TEX,3.38
2B/SS,Darwin Barney (10870161),Darwin Barney,10870161,2B/SS,2600,CWS@TEX 06/30/2018 09:05PM ET,TEX,0
C,Carlos Perez (10870165),Carlos Perez,10870165,C,2600,CWS@TEX 06/30/2018 09:05PM ET,TEX,2.5
OF,Luis Robert (10870172),Luis Robert,10870172,OF,2600,CWS@TEX 06/30/2018 09:05PM ET,CWS,0
2B/SS,Andrew Romine (10870166),Andrew Romine,10870166,2B/SS,2600,KC@SEA 06/30/2018 10:10PM ET,SEA,1.90
2B,Ryan Goins (10870168),Ryan Goins,10870168,2B,2600,KC@SEA 06/30/2018 10:10PM ET,KC,3.39
1B,Evan White (10870196),Evan White,10870196,1B,2600,KC@SEA 06/30/2018 10:10PM ET,SEA,0
3B/SS,Dusty Coleman (10870156),Dusty Coleman,10870156,3B/SS,2600,PIT@SD 06/30/2018 10:10PM ET,SD,0
1B/2B,Pat Valaika (10870169),Pat Valaika,10870169,1B/2B,2600,COL@LAD 06/30/2018 07:15PM ET,COL,1.77
SS,Orlando Calixte (10870175),Orlando Calixte,10870175,SS,2500,SF@ARI 06/30/2018 10:10PM ET,SF,0
2B/3B,Josh Rutledge (10870184),Josh Rutledge,10870184,2B/3B,2500,SF@ARI 06/30/2018 10:10PM ET,SF,0
C,Alex Avila (10870186),Alex Avila,10870186,C,2500,SF@ARI 06/30/2018 10:10PM ET,ARI,2.71
C,Jeff Mathis (10870194),Jeff Mathis,10870194,C,2500,SF@ARI 06/30/2018 10:10PM ET,ARI,3.6
1B,Pavin Smith (10870195),Pavin Smith,10870195,1B,2500,SF@ARI 06/30/2018 10:10PM ET,ARI,0
C,Daulton Varsho (10870199),Daulton Varsho,10870199,C,2500,SF@ARI 06/30/2018 10:10PM ET,ARI,0
C,Welington Castillo (10870174),Welington Castillo,10870174,C,2500,CWS@TEX 06/30/2018 09:05PM ET,CWS,6.46
2B/3B,Cliff Pennington (10870191),Cliff Pennington,10870191,2B/3B,2500,CWS@TEX 06/30/2018 09:05PM ET,TEX,1.5
C,Carson Kelly (10870181),Carson Kelly,10870181,C,2500,ATL@STL 06/30/2018 07:15PM ET,STL,1.17
2B,Robinson Cano (10870173),Robinson Cano,10870173,2B,2500,KC@SEA 06/30/2018 10:10PM ET,SEA,8.03
2B,Gordon Beckham (10870190),Gordon Beckham,10870190,2B,2500,KC@SEA 06/30/2018 10:10PM ET,SEA,3.17
C,Drew Butera (10870193),Drew Butera,10870193,C,2500,KC@SEA 06/30/2018 10:10PM ET,KC,3.41
OF,Seuly Matias (10870197),Seuly Matias,10870197,OF,2500,KC@SEA 06/30/2018 10:10PM ET,KC,0
C,Cam Gallagher (10870200),Cam Gallagher,10870200,C,2500,KC@SEA 06/30/2018 10:10PM ET,KC,3.62
1B/C,Ryan Lavarnway (10870182),Ryan Lavarnway,10870182,C/1B,2500,PIT@SD 06/30/2018 10:10PM ET,PIT,0
1B/3B,Chase Headley (10870188),Chase Headley,10870188,1B/3B,2500,PIT@SD 06/30/2018 10:10PM ET,SD,1.78
3B,Colton Welker (10870198),Colton Welker,10870198,3B,2500,COL@LAD 06/30/2018 07:15PM ET,COL,0
C,Mike Ohlman (10870176),Mike Ohlman,10870176,C,2500,BOS@NYY 06/30/2018 07:15PM ET,BOS,0
2B/3B,Marco Hernandez (10870177),Marco Hernandez,10870177,2B/3B,2500,BOS@NYY 06/30/2018 07:15PM ET,BOS,0
3B/OF,Steve Selsky (10870179),Steve Selsky,10870179,3B/OF,2500,BOS@NYY 06/30/2018 07:15PM ET,BOS,0
OF,Shane Robinson (10870187),Shane Robinson,10870187,OF,2500,BOS@NYY 06/30/2018 07:15PM ET,NYY,6
C,Hector Sanchez (10870203),Hector Sanchez,10870203,C,2400,SF@ARI 06/30/2018 10:10PM ET,SF,0
1B/OF,Michael Morse (10870204),Michael Morse,10870204,1B/OF,2400,SF@ARI 06/30/2018 10:10PM ET,SF,0
3B,Wander Franco (10870207),Wander Franco,10870207,3B,2400,SF@ARI 06/30/2018 10:10PM ET,SF,0
2B/3B,Phil Gosselin (10870208),Phil Gosselin,10870208,2B/3B,2400,ATL@STL 06/30/2018 07:15PM ET,ATL,1.9
OF,Paulo Orlando (10870206),Paulo Orlando,10870206,OF,2400,KC@SEA 06/30/2018 10:10PM ET,KC,3.36
SS,Corey Seager (10870201),Corey Seager,10870201,SS,2400,COL@LAD 06/30/2018 07:15PM ET,LAD,7.23
OF,Rusney Castillo (10870202),Rusney Castillo,10870202,OF,2400,BOS@NYY 06/30/2018 07:15PM ET,BOS,0
C,Jose Trevino (10870217),Jose Trevino,10870217,C,2300,CWS@TEX 06/30/2018 09:05PM ET,TEX,4
2B/SS,Christian Colon (10870214),Christian Colon,10870214,2B/SS,2300,ATL@STL 06/30/2018 07:15PM ET,ATL,0
OF,Ezequiel Carrera (10870216),Ezequiel Carrera,10870216,OF,2300,ATL@STL 06/30/2018 07:15PM ET,ATL,0
1B,Mike Ford (10870210),Mike Ford,10870210,1B,2300,KC@SEA 06/30/2018 10:10PM ET,SEA,0
SS,Zach Vincej (10870213),Zach Vincej,10870213,SS,2300,KC@SEA 06/30/2018 10:10PM ET,SEA,0
OF,Shane Peterson (10870212),Shane Peterson,10870212,OF,2300,PIT@SD 06/30/2018 10:10PM ET,SD,0
C,Kyle Higashioka (10870211),Kyle Higashioka,10870211,C,2300,BOS@NYY 06/30/2018 07:15PM ET,NYY,2
SS,Alex Mejia (10870219),Alex Mejia,10870219,SS,2200,ATL@STL 06/30/2018 07:15PM ET,STL,0
C,Tuffy Gosewisch (10870221),Tuffy Gosewisch,10870221,C,2200,KC@SEA 06/30/2018 10:10PM ET,SEA,0
OF,Kirk Nieuwenhuis (10870222),Kirk Nieuwenhuis,10870222,OF,2200,KC@SEA 06/30/2018 10:10PM ET,SEA,0
OF,Daniel Nava (10870220),Daniel Nava,10870220,OF,2200,PIT@SD 06/30/2018 10:10PM ET,PIT,0
3B,Michael Chavis (10870218),Michael Chavis,10870218,3B,2200,BOS@NYY 06/30/2018 07:15PM ET,BOS,0
2B/SS,Andres Blanco (10870224),Andres Blanco,10870224,2B/SS,2100,SF@ARI 06/30/2018 10:10PM ET,SF,0
OF,Cameron Perkins (10870226),Cameron Perkins,10870226,OF,2100,KC@SEA 06/30/2018 10:10PM ET,SEA,0
OF,Khalil Lee (10870227),Khalil Lee,10870227,OF,2100,KC@SEA 06/30/2018 10:10PM ET,KC,0
1B,Nick Pratto (10870228),Nick Pratto,10870228,1B,2100,KC@SEA 06/30/2018 10:10PM ET,KC,0
C,Rocky Gale (10870223),Rocky Gale,10870223,C,2100,COL@LAD 06/30/2018 07:15PM ET,LAD,0
OF,Daniel Robertson (10870229),Daniel Robertson,10870229,OF,2000,SF@ARI 06/30/2018 10:10PM ET,ARI,0
OF,Heliot Ramos (10870238),Heliot Ramos,10870238,OF,2000,SF@ARI 06/30/2018 10:10PM ET,SF,0
OF,Leody Taveras (10870234),Leody Taveras,10870234,OF,2000,CWS@TEX 06/30/2018 09:05PM ET,TEX,0
OF,Blake Rutherford (10870235),Blake Rutherford,10870235,OF,2000,CWS@TEX 06/30/2018 09:05PM ET,CWS,0
OF,Bubba Thompson (10870239),Bubba Thompson,10870239,OF,2000,CWS@TEX 06/30/2018 09:05PM ET,TEX,0
SS,Delvin Perez (10870237),Delvin Perez,10870237,SS,2000,ATL@STL 06/30/2018 07:15PM ET,STL,0
OF,Ichiro Suzuki (10870230),Ichiro Suzuki,10870230,OF,2000,KC@SEA 06/30/2018 10:10PM ET,SEA,2.87
3B,Joe Rizzo (10870236),Joe Rizzo,10870236,3B,2000,KC@SEA 06/30/2018 10:10PM ET,SEA,0
C,Luis Torrens (10870232),Luis Torrens,10870232,C,2000,PIT@SD 06/30/2018 10:10PM ET,SD,0
SS,Allen Cordoba (10870233),Allen Cordoba,10870233,SS,2000,PIT@SD 06/30/2018 10:10PM ET,SD,0
C,Keibert Ruiz (10870231),Keibert Ruiz,10870231,C,2000,COL@LAD 06/30/2018 07:15PM ET,LAD,0
