,Name,ID,Labels,Active
0,Chris Sale,10603,5,Y
1,David Price,3184,5,Y
2,Nathan Eovaldi,9132,3,Y
3,Drew Pomeranz,11426,4,Y
4,Rick Porcello,2717,3,Y
5,Cole Hamels,4972,6,Y
6,Jorge De La Rosa,2047,4,Y
7,Kyle Hendricks,12049,6,Y
8,Jose Quintana,11423,4,Y
9,Jon Lester,4930,6,Y
10,Yu Darvish,13074,5,Y
11,Tyler Chatwood,4338,1,Y
12,CC Sabathia,404,4,Y
13,Masahiro Tanaka,15764,6,Y
14,J.A. Happ,7410,4,Y
15,Lance Lynn,2520,0,Y
16,Sonny Gray,12768,6,Y
17,Edwin Jackson,1841,1,Y
18,Trevor Cahill,6249,1,Y
19,Mike Fiers,7754,4,Y
20,Brett Anderson,8223,3,Y
21,Trevor Bauer,12703,0,Y
22,Carlos Carrasco,6632,6,Y
23,Josh Tomlin,9388,2,Y
24,Corey Kluber,2429,5,Y
25,Clayton Kershaw,2036,5,Y
26,Alex Wood,13781,6,Y
27,Rich Hill,4806,0,Y
28,Mike Foltynewicz,10811,1,Y
29,Kevin Gausman,14107,4,Y
30,Anibal Sanchez,3284,4,Y
31,Julio Teheran,6797,0,Y
32,Brandon McCarthy,4662,3,Y
33,Gerrit Cole,13125,6,Y
34,Charlie Morton,4676,1,Y
35,Dallas Keuchel,9434,4,Y
36,Collin McHugh,7531,6,Y
37,Justin Verlander,8700,6,Y
38,Michael Wacha,14078,4,Y
39,Adam Wainwright,2233,6,Y
40,Tyson Ross,7872,0,Y
41,Bud Norris,9492,1,Y
42,Carlos Martinez,11682,0,Y
43,Garrett Richards,9784,0,Y
44,Wade Miley,8779,4,Y
45,Jhoulys Chacin,2608,0,Y
46,Chase Anderson,6895,4,Y
47,Jordan Lyles,7593,7,Y
48,Max Scherzer,3137,5,Y
49,Stephen Strasburg,10131,5,Y
50,Jeremy Hellickson,4371,3,Y
51,Tanner Roark,8753,0,Y
52,Gio Gonzalez,7448,4,Y
53,Tommy Milone,7608,2,Y
54,Matt Harvey,11713,6,Y
55,Homer Bailey,8362,3,Y
56,Yovani Gallardo,8173,0,Y
57,Chris Archer,6345,6,Y
58,Clay Buchholz,3543,0,Y
59,Zack Greinke,1943,6,Y
60,Robbie Ray,11486,4,Y
61,Patrick Corbin,9323,4,Y
62,Shelby Miller,10197,0,Y
63,Doug Fister,9425,3,Y
64,Bartolo Colon,375,3,Y
65,Matt Moore,1890,1,Y
66,Mike Minor,10021,4,Y
67,Martin Perez,6902,2,Y
68,Ivan Nova,1994,3,Y
69,Mike Leake,10130,3,Y
70,Felix Hernandez,4772,6,Y
71,Jacob deGrom,10954,5,Y
72,Jason Vargas,8044,3,Y
73,Jake Arrieta,4153,0,Y
74,Jake Odorizzi,6397,4,Y
75,Ervin Santana,3200,3,Y
76,Kyle Gibson,10123,1,Y
77,Phil Hughes,7450,3,Y
78,Marcus Stroman,13431,6,Y
79,Aaron Sanchez,11490,0,Y
80,Marco Estrada,1118,4,Y
81,Jaime Garcia,8137,4,Y
82,Chad Bettis,10587,2,Y
83,Madison Bumgarner,5524,5,Y
84,Derek Holland,4141,4,Y
85,Johnny Cueto,6893,6,Y
86,Jeff Samardzija,3254,0,Y
87,James Shields,7059,3,Y
88,Hector Santiago,4026,1,Y
89,Chris Volstad,9901,7,Y
90,Miguel Gonzalez,7024,3,Y
91,Wily Peralta,7738,1,Y
92,Danny Duffy,3542,4,Y
93,Ian Kennedy,6986,4,Y
94,Jason Hammel,4538,3,Y
95,Dan Straily,9460,1,Y
96,Adam Conley,14457,1,Y
97,Jacob Turner,10185,7,Y
98,Jose Urena,11589,1,Y
99,Wei-Yin Chen,13071,4,Y
100,Clayton Richard,3551,2,Y
101,Jordan Zimmermann,4505,6,Y
102,Francisco Liriano,3201,4,Y
103,Andrew Cashner,8782,1,Y
104,Alex Cobb,6562,6,Y
105,Chris Tillman,5279,1,Y
106,Brian Anderson,44,2,N
107,Kevin Appier,3,2,N
108,Tony Armas Jr.,761,1,N
109,Bronson Arroyo,978,3,N
110,Andy Ashby,637,3,N
111,Pedro Astacio,862,2,N
112,Scott Baker,6176,3,N
113,Brian Bannister,5718,2,N
114,Josh Beckett,510,6,N
115,Erik Bedard,126,4,N
116,Andy Benes,1144,0,N
117,Kris Benson,982,7,N
118,Jason Bere,266,7,N
119,Chad Billingsley,5842,0,N
120,Nick Blackburn,4270,7,N
121,Jeremy Bonderman,1667,3,N
122,Kevin Brown,642,6,N
123,Mark Buehrle,225,3,N
124,John Burkett,179,2,N
125,A.J. Burnett,512,0,N
126,Dave Bush,4635,3,N
127,Daniel Cabrera,1931,1,N
128,Matt Cain,4732,0,N
129,Chris Carpenter,1292,6,N
130,Frank Castillo,180,7,N
131,Roger Clemens,815,5,N
132,Matt Clement,271,0,N
133,Aaron Cook,1571,7,N
134,Jeff D'Amico,871,2,N
135,John Danks,6329,3,N
136,Kyle Davies,3642,7,N
137,Doug Davis,1244,1,N
138,Ryan Drese,379,7,N
139,Adam Eaton,1029,7,N
140,Scott Erickson,137,7,N
141,Shawn Estes,873,7,N
142,Chuck Finley,384,4,N
143,Gavin Floyd,3886,3,N
144,Jeff Francis,4684,2,N
145,Freddy Garcia,1077,3,N
146,Jon Garland,232,3,N
147,Matt Garza,3340,3,N
148,Tom Glavine,90,3,N
149,Jeremy Guthrie,2072,3,N
150,Roy Halladay,1303,6,N
151,Joey Hamilton,328,7,N
152,Mike Hampton,430,2,N
153,Tommy Hanson,9129,0,N
154,Aaron Harang,1451,3,N
155,Rich Harden,1772,0,N
156,Dan Haren,1757,6,N
157,Jimmy Haynes,329,7,N
158,Pat Hentgen,145,2,N
159,Orlando Hernandez,823,0,N
160,Livan Hernandez,1116,3,N
161,Roberto Hernandez,3273,1,N
162,Tim Hudson,921,0,N
163,Kazuhisa Ishii,655,1,N
164,Hisashi Iwakuma,13048,6,N
165,Ubaldo Jimenez,3374,1,N
166,Randy Johnson,60,5,N
167,Jason Johnson,147,7,N
168,Josh Johnson,4567,0,N
169,Bobby Jones,1039,2,N
170,Jair Jurrjens,5556,0,N
171,Scott Kazmir,4897,4,N
172,Kyle Kendrick,6230,7,N
173,Darryl Kile,1163,1,N
174,Tom Koehler,6570,1,N
175,Hiroki Kuroda,3283,6,N
176,John Lackey,1507,3,N
177,John Lannan,7080,2,N
178,Mat Latos,3815,6,N
179,Brian Lawrence,1045,3,N
180,Cliff Lee,1636,6,N
181,Al Leiter,883,4,N
182,Colby Lewis,1259,3,N
183,Jon Lieber,287,3,N
184,Ted Lilly,833,4,N
185,Tim Lincecum,5705,6,N
186,Esteban Loaiza,1310,3,N
187,Jeff Locke,2929,1,N
188,Kyle Lohse,739,3,N
189,Rodrigo Lopez,150,2,N
190,Noah Lowry,1833,1,N
191,Greg Maddux,104,6,N
192,Paul Maholm,8678,4,N
193,John Maine,4773,1,N
194,Shaun Marcum,6204,0,N
195,Mike Maroth,1508,2,N
196,Jason Marquis,105,7,N
197,Pedro Martinez,200,5,N
198,Daisuke Matsuzaka,7775,1,N
199,Gil Meche,1089,1,N
200,Wade Miller,568,1,N
201,Kevin Millwood,106,3,N
202,Eric Milton,743,2,N
203,Matt Morris,1172,3,N
204,Jamie Moyer,1091,3,N
205,Mark Mulder,932,4,N
206,Mike Mussina,837,6,N
207,Charles Nagy,397,7,N
208,Jimmy Nelson,10547,1,N
209,Jon Niese,4424,4,N
210,Ricky Nolasco,3830,3,N
211,Hideo Nomo,666,1,N
212,Tomo Ohka,788,2,N
213,Scott Olsen,4529,2,N
214,Russ Ortiz,1124,1,N
215,Donovan Osborne,299,7,N
216,Roy Oswalt,571,6,N
217,Steve Parris,1316,7,N
218,Carl Pavano,790,3,N
219,Jake Peavy,1051,6,N
220,Mike Pelfrey,5203,7,N
221,Brad Penny,535,3,N
222,Odalis Perez,668,2,N
223,Andy Pettitte,840,4,N
224,Michael Pineda,5372,6,N
225,Sidney Ponson,161,7,N
226,Mark Prior,301,6,N
227,Brad Radke,748,3,N
228,Tim Redding,573,7,N
229,Mark Redman,491,2,N
230,Rick Reed,750,2,N
231,Shane Reynolds,574,2,N
232,Nate Robertson,1620,2,N
233,Wandy Rodriguez,2586,4,N
234,Ricky Romero,3403,1,N
235,Kirk Rueter,1128,2,N
236,Danny Salazar,5867,6,N
237,Joe Saunders,4366,2,N
238,Jason Schmidt,1131,0,N
239,Aaron Sele,34,7,N
240,Jae Seo,895,2,N
241,Ben Sheets,710,6,N
242,Ian Snell,2227,7,N
243,Garrett Stephenson,1185,7,N
244,Todd Stottlemyre,75,7,N
245,Eric Stults,8011,2,N
246,Jeff Suppan,633,7,N
247,John Thomson,453,2,N
248,Mike Thurman,852,7,N
249,Josh Towers,1489,2,N
250,Steve Trachsel,898,2,N
251,Ismael Valdez,1283,2,N
252,Javier Vazquez,801,6,N
253,Edinson Volquez,3990,1,N
254,Jarrod Washburn,40,4,N
255,Jered Weaver,4235,6,N
256,Brandon Webb,1692,0,N
257,Jake Westbrook,412,3,N
258,Dontrelle Willis,1703,4,N
259,Paul Wilson,1234,7,N
260,Randy Wolf,976,4,N
261,Chris Young,3196,0,N
262,Carlos Zambrano,305,0,N
263,Barry Zito,944,1,N
264,Ryan Brasier,5615,5,Y
265,Brandon Workman,11428,1,Y
266,Hector Velazquez,19341,0,Y
267,Eduardo Rodriguez,13164,4,Y
268,Carson Smith,13172,5,Y
269,Heath Hembree,11632,0,Y
270,Tyler Thornburg,10688,4,Y
271,Robby Scott,13042,4,Y
272,Bobby Poyner,17987,5,Y
273,Craig Kimbrel,6655,5,Y
274,William Cuevas,13331,7,Y
275,Steven Wright,8185,4,Y
276,Matt Barnes,12863,0,Y
277,Marcus Walden,8004,6,Y
278,Joe Kelly,9761,0,Y
279,Brian Johnson,14272,4,Y
280,Justin Haley,13572,7,Y
281,Jalen Beeks,17192,2,Y
282,Justin Hancock,12316,0,Y
283,Steve Cishek,6483,0,Y
284,Carl Edwards Jr.,13607,5,Y
285,Anthony Bass,7982,1,Y
286,Randy Rosario,14508,2,Y
287,Mike Montgomery,4869,0,Y
288,James Norwood,16440,7,Y
289,Luke Farrell,15101,1,Y
290,Cory Mazzoni,12537,7,Y
291,Jesse Chavez,5448,1,Y
292,Brandon Morrow,9346,0,Y
293,Duane Underwood Jr.,14677,4,Y
294,Pedro Strop,4070,0,Y
295,Justin Wilson,4301,0,Y
296,Alec Mills,13834,0,Y
297,Eddie Butler,13453,7,Y
298,Rob Zastryzny,15094,4,Y
299,Brian Duensing,4064,4,Y
300,Brandon Kintzler,9939,0,Y
301,George Kontos,9486,0,Y
302,Dellin Betances,6216,5,Y
303,David Hale,9756,7,Y
304,Chad Green,15552,5,Y
305,Jonathan Loaisiga,19753,5,Y
306,Jonathan Holder,16588,4,Y
307,Chasen Shreve,10855,1,Y
308,Zach Britton,3240,0,Y
309,Luis Cessa,13345,2,Y
310,Domingo German,17149,1,Y
311,Aroldis Chapman,10233,5,Y
312,Adam Warren,9029,0,Y
313,A.J. Cole,11467,1,Y
314,David Robertson,8241,5,Y
315,Luis Severino,15890,5,Y
316,Jordan Montgomery,16511,4,Y
317,Giovanny Gallegos,14986,1,Y
318,Tommy Kahnle,11384,0,Y
319,Chance Adams,18135,7,Y
320,Fernando Rodney,494,1,Y
321,Blake Treinen,12572,0,Y
322,J.B. Wendelken,14506,7,Y
323,Jeurys Familia,5114,0,Y
324,Santiago Casilla,2873,0,Y
325,Yusmeiro Petit,4020,0,Y
326,Emilio Pagan,14771,0,Y
327,Chris Hatcher,3299,1,Y
328,Daniel Coulombe,13293,4,Y
329,Andrew Triggs,13533,1,Y
330,Josh Lucas,11686,7,Y
331,Liam Hendriks,3548,2,Y
332,Wilmer Font,5257,7,Y
333,Shawn Kelley,7773,0,Y
334,Lou Trivino,15043,0,Y
335,Carlos Ramirez,11743,0,Y
336,Ryan Buchter,9456,0,Y
337,Chris Bassitt,12304,1,Y
338,Sean Manaea,15873,4,Y
339,Frankie Montas,14309,7,Y
340,Daniel Mengden,16980,2,Y
341,Daniel Gossett,16164,7,Y
342,Ryan Dull,13974,0,Y
343,Paul Blackburn,14739,2,Y
344,Kendall Graveman,15514,2,Y
345,Oliver Perez,1514,4,Y
346,Mike Clevinger,12808,0,Y
347,Shane Bieber,19427,6,Y
348,Cody Allen,12183,5,Y
349,Zach McAllister,2895,1,Y
350,Dan Otero,7385,0,Y
351,Ben Taylor,18114,2,Y
352,Evan Marshall,12297,7,Y
353,Oliver Drake,8823,1,Y
354,Marc Rzepczynski,6612,4,Y
355,Brad Hand,9111,4,Y
356,Andrew Miller,6785,0,Y
357,Neil Ramirez,7677,1,Y
358,Adam Plutko,15846,7,Y
359,Matt Belisle,1837,3,Y
360,Adam Cimber,15288,0,Y
361,Tyler Olson,14741,2,Y
362,Nick Goody,13685,1,Y
363,Jeff Beliveau,8504,2,Y
364,Alexi Ogando,10261,0,Y
365,Dylan Floro,13394,0,Y
366,Daniel Corcino,9266,1,Y
367,Adam Liberatore,10637,0,Y
368,Kenley Jansen,3096,5,Y
369,Pedro Baez,5420,0,Y
370,Caleb Ferguson,19349,5,Y
371,Kenta Maeda,18498,6,Y
372,Tony Cingrani,12555,4,Y
373,Pat Venditte,7108,2,Y
374,Brock Stewart,16727,1,Y
375,Zach Neal,11294,2,Y
376,Dennis Santana,17878,7,Y
377,Hyun-Jin Ryu,14444,6,Y
378,Josh Fields,5070,0,Y
379,Ross Stripling,13273,4,Y
380,Walker Buehler,19374,5,Y
381,Erik Goeddel,11712,0,Y
382,J.T. Chargois,13767,1,Y
383,Scott Alexander,10591,0,Y
384,Daniel Hudson,7146,0,Y
385,Yimi Garcia,12095,4,Y
386,Edward Paredes,4168,6,Y
387,Zac Rosscup,9419,2,Y
388,John Axford,9059,1,Y
389,Bryse Wilson,19990,5,Y
390,Jonny Venters,7175,0,Y
391,Arodys Vizcaino,5498,0,Y
392,Jesse Biddle,11437,0,Y
393,A.J. Minter,18655,5,Y
394,Shane Carle,15258,0,Y
395,Chad Sobotka,17470,0,Y
396,Luke Jackson,11752,7,Y
397,Peter Moylan,4891,0,Y
398,Sam Freeman,6832,0,Y
399,Luiz Gohara,15166,4,Y
400,Wes Parsons,14764,7,Y
401,Evan Phillips,17734,7,Y
402,Rex Brothers,9794,1,Y
403,Brad Brach,6627,0,Y
404,Touki Toussaint,16929,5,Y
405,Dan Winkler,12237,5,Y
406,Max Fried,13743,1,Y
407,Michael Soroka,18383,4,Y
408,Sean Newcomb,16943,1,Y
409,Matt Wisler,12804,7,Y
410,Josh Ravin,2951,1,Y
411,Luke Sims,13470,7,Y
412,Miguel Socolovich,6697,1,Y
413,James Hoyt,14605,0,Y
414,Ryan Pressly,7005,0,Y
415,Tony Sipp,8280,0,Y
416,Roberto Osuna,13764,5,Y
417,Lance McCullers Jr.,14120,4,Y
418,Chris Devenski,12763,5,Y
419,Ken Giles,12910,5,Y
420,Framber Valdez,17295,5,Y
421,Hector Rondon,2391,0,Y
422,Brad Peacock,5401,0,Y
423,Joe Smith,3281,0,Y
424,Cionel Perez,19614,4,Y
425,Will Harris,3192,5,Y
426,Reymin Guduan,13058,7,Y
427,Alex Reyes,15015,5,Y
428,Daniel Poncedeleon,16110,0,Y
429,Austin Gomber,16561,0,Y
430,Jack Flaherty,17479,5,Y
431,Dakota Hudson,19206,0,Y
432,John Gant,13684,1,Y
433,Sam Tuivailala,13485,0,Y
434,Luke Weaver,16918,3,Y
435,Matt Bowman,13528,0,Y
436,Luke Gregerson,4090,0,Y
437,Tyler Lyons,11334,4,Y
438,Preston Guilmet,7303,7,Y
439,Tyler Webb,14974,2,Y
440,Miles Mikolas,9803,0,Y
441,Jordan Hicks,19618,0,Y
442,Dominic Leone,13763,0,Y
443,John Brebbia,12777,0,Y
444,Mike Mayers,15451,7,Y
445,Brett Cecil,2660,4,Y
446,Ryan Sherriff,12249,4,Y
447,Greg Holland,7196,5,Y
448,Ian Krol,10066,1,Y
449,Keynan Middleton,15264,4,Y
450,Jose Alvarez,5358,4,Y
451,Justin Anderson,16201,0,Y
452,Taylor Cole,11964,4,Y
453,Jaime Barria,18356,4,Y
454,Tyler Skaggs,10190,4,Y
455,Felix Pena,13403,1,Y
456,Matt Shoemaker,4776,6,Y
457,Akeel Morris,12185,7,Y
458,Deck McGuire,11596,2,Y
459,John Lamb,8493,7,Y
460,Ty Buttrey,14719,0,Y
461,Blake Wood,1345,1,Y
462,Blake Parker,5224,0,Y
463,Cam Bedrosian,13360,0,Y
464,Hansel Robles,11801,1,Y
465,Jim Johnson,3656,1,Y
466,Andrew Heaney,15423,4,Y
467,Nick Tropeano,12385,1,Y
468,Noe Ramirez,12800,1,Y
469,Luke Bard,14288,1,Y
470,Williams Jerez,14338,7,Y
471,Eduardo Paredes,16344,2,Y
472,Odrisamer Despaigne,16017,7,Y
473,Alec Asher,13560,2,Y
474,Joakim Soria,6941,5,Y
475,Dan Jennings,8073,0,Y
476,Taylor Williams,14899,0,Y
477,Brent Suter,13942,4,Y
478,Corey Knebel,15010,4,Y
479,Boone Logan,5525,1,Y
480,Aaron Wilkerson,16904,2,Y
481,J.J. Hoover,9037,1,Y
482,Jeremy Jeffress,9490,0,Y
483,Josh Hader,14212,5,Y
484,Jorge Lopez,14527,7,Y
485,Corbin Burnes,19361,4,Y
486,Adrian Houser,12718,1,Y
487,Jacob Barnes,12323,0,Y
488,Junior Guerra,5702,1,Y
489,Freddy Peralta,18679,0,Y
490,Brandon Woodruff,16162,0,Y
491,Zach Davies,13183,3,Y
492,Matt Albers,4300,1,Y
493,Mike Zagurski,9683,7,Y
494,Matt Grace,11449,4,Y
495,Jimmy Cordero,15690,1,Y
496,Justin Miller,8580,0,Y
497,Jefry Rodriguez,17018,1,Y
498,Sammy Solis,11457,1,Y
499,Trevor Gott,15046,1,Y
500,Erick Fedde,17425,2,Y
501,Carlos Torres,7624,1,Y
502,Enny Romero,4001,1,Y
503,Austin Adams,13801,1,Y
504,Sean Doolittle,1581,5,Y
505,Tim Collins,3164,0,Y
506,Wander Suero,15855,0,Y
507,Kelvin Herrera,6033,0,Y
508,Ryan Madson,1852,0,Y
509,Koda Glover,17695,1,Y
510,Austin Voth,15047,7,Y
511,Jared Hughes,9325,0,Y
512,David Hernandez,4259,0,Y
513,Michael Lorenzen,14843,1,Y
514,Amir Garrett,14375,1,Y
515,Tyler Mahle,16358,7,Y
516,Luis Castillo,15689,0,Y
517,Austin Brice,17237,7,Y
518,Kevin Shackelford,11012,1,Y
519,Kevin Quackenbush,12360,1,Y
520,Jesus Reyes,19277,5,Y
521,Raisel Iglesias,17130,0,Y
522,Cody Reed,15232,2,Y
523,Anthony DeSclafani,13050,3,Y
524,Wandy Peralta,14295,1,Y
525,Jackson Stephens,14420,7,Y
526,Sal Romano,13690,7,Y
527,Kyle Crockett,15033,4,Y
528,Brandon Finnegan,16208,1,Y
529,Keury Mella,15964,7,Y
530,Robert Stephenson,13594,7,Y
531,Tanner Rainey,17610,7,Y
532,Vidal Nuno,9674,4,Y
533,Blake Snell,13543,4,Y
534,Ryne Stanek,15947,4,Y
535,Hunter Wood,15091,4,Y
536,Chaz Roe,9866,0,Y
537,Ryan Yarbrough,16502,4,Y
538,Yonny Chirinos,16401,1,Y
539,Alex Colome,6661,0,Y
540,Jake Faria,13699,0,Y
541,Chih-Wei Hu,16419,0,Y
542,Andrew Kittredge,12828,2,Y
543,Jose Alvarado,17780,0,Y
544,Sergio Romo,9817,5,Y
545,Anthony Banda,14706,2,Y
546,Diego Castillo,17496,0,Y
547,Tyler Glasnow,14374,1,Y
548,Adam Kolarek,10843,2,Y
549,Matt Andriese,12022,2,Y
550,Jaime Schultz,15066,4,Y
551,Austin Pruitt,15290,2,Y
552,Ryan Weber,10160,7,Y
553,Hoby Milner,13346,2,Y
554,T.J. McFarland,3237,2,Y
555,Yoshihisa Hirano,19756,0,Y
556,Archie Bradley,12918,0,Y
557,Brad Boxberger,10133,0,Y
558,Matt Koch,13420,2,Y
559,Fernando Salas,4971,0,Y
560,Troy Scribner,15570,1,Y
561,Randall Delgado,5985,1,Y
562,Braden Shipley,15158,2,Y
563,Kris Medlen,9417,6,Y
564,Joey Krehbiel,13707,0,Y
565,Silvino Bracho,15051,1,Y
566,Andrew Chafin,12988,0,Y
567,Jimmie Sherfy,15118,5,Y
568,Taijuan Walker,11836,4,Y
569,Zack Godley,14862,0,Y
570,Jake Diekman,5003,0,Y
571,Jake Barrett,13322,1,Y
572,Brad Ziegler,7293,0,Y
573,Jose Leclerc,14524,0,Y
574,Cory Gearrin,7947,0,Y
575,Keone Kela,14696,0,Y
576,Nick Gardewine,16513,7,Y
577,Ricardo Rodriguez,15458,7,Y
578,Matt Bush,1246,0,Y
579,Alex Claudio,12890,4,Y
580,Brandon Mann,5172,2,Y
581,Ariel Jurado,17030,7,Y
582,Drew Hutchison,10732,1,Y
583,Tony Barnette,3555,0,Y
584,Jeffrey Springs,17677,1,Y
585,Chris Martin,11847,2,Y
586,Kevin Jepsen,6475,0,Y
587,Austin Bibens-Dirkx,9559,2,Y
588,Yohander Mendez,14391,7,Y
589,Edgar Santana,17355,0,Y
590,Richard Rodriguez,13549,4,Y
591,Jameson Taillon,11674,6,Y
592,Chad Kuhl,14975,1,Y
593,Michael Feliz,11903,1,Y
594,Clay Holmes,13649,7,Y
595,Dovydas Neverauskas,11604,7,Y
596,Tanner Anderson,18029,7,Y
597,Kyle Crick,13182,0,Y
598,Felipe Vazquez,12076,5,Y
599,Trevor Williams,16977,0,Y
600,Joe Musgrove,12970,3,Y
601,Steven Brault,15291,1,Y
602,Nick Kingham,11694,3,Y
603,Alex McRae,16317,2,Y
604,Casey Sadler,11209,7,Y
605,Josh Smoker,10285,7,Y
606,Shawn Armstrong,12857,4,Y
607,Ariel Miranda,17526,1,Y
608,Dan Altavilla,16507,4,Y
609,Chasen Bradford,12452,0,Y
610,Roenis Elias,12673,4,Y
611,Wade LeBlanc,5221,3,Y
612,Nick Vincent,7555,0,Y
613,Ross Detwiler,2859,2,Y
614,Christian Bergman,10925,2,Y
615,Erasmo Ramirez,10314,3,Y
616,Nick Rumbelow,14867,2,Y
617,Zach Duke,3840,2,Y
618,Rob Whalen,14165,1,Y
619,Edwin Diaz,14710,5,Y
620,James Pazos,13323,4,Y
621,Matthew Festa,19330,7,Y
622,James Paxton,11828,6,Y
623,Marco Gonzales,15467,2,Y
624,Juan Nicasio,7731,1,Y
625,Mike Morin,13442,0,Y
626,Ryan Cook,8855,0,Y
627,Casey Lawrence,11121,7,Y
628,Scott Copeland,10706,7,Y
629,Seth Lugo,12447,0,Y
630,Zack Wheeler,10310,0,Y
631,Robert Gsellman,13696,1,Y
632,Steven Matz,13361,4,Y
633,Paul Sewald,13892,1,Y
634,Anthony Swarzak,7466,1,Y
635,Tim Peterson,13946,7,Y
636,P.J. Conlon,18213,7,Y
637,Drew Gagnon,12545,7,Y
638,Chris Flexen,13896,7,Y
639,Drew Smith,17755,5,Y
640,Daniel Zamora,17811,5,Y
641,Noah Syndergaard,11762,5,Y
642,Jerry Blevins,7841,4,Y
643,Tyler Bashlor,15203,2,Y
644,Chris Beck,13418,7,Y
645,Corey Oswalt,13677,2,Y
646,AJ Ramos,8350,0,Y
647,Jacob Rhame,15267,7,Y
648,Bobby Wahl,14832,7,Y
649,Gerson Bautista,19256,7,Y
650,Buddy Baumann,9309,1,Y
651,Luis Avilan,2882,0,Y
652,Zac Curtis,16684,1,Y
653,Aaron Nola,16149,5,Y
654,Seranthony Dominguez,19249,5,Y
655,Tommy Hunter,1157,3,Y
656,Zach Eflin,13774,3,Y
657,Adam Morgan,12580,2,Y
658,Jake Thompson,14371,1,Y
659,Hector Neris,11804,0,Y
660,Drew Anderson,15130,7,Y
661,Ben Lively,14932,7,Y
662,Ranger Suarez,17277,2,Y
663,Aaron Loup,10343,4,Y
664,Pat Neshek,4682,0,Y
665,Edubray Ramos,16086,0,Y
666,Victor Arano,15915,0,Y
667,Luis Garcia,6984,1,Y
668,Vince Velasquez,11189,1,Y
669,Austin Davis,17117,0,Y
670,Nick Pivetta,15454,4,Y
671,Mark Leiter,15551,2,Y
672,Yacksel Rios,15007,7,Y
673,Enyel De Los Santos,18403,2,Y
674,Trevor May,6398,1,Y
675,Jose Berrios,14168,1,Y
676,Matt Magill,3950,7,Y
677,Fernando Romero,15885,1,Y
678,Aaron Slegers,15231,2,Y
679,Kohl Stewart,15502,7,Y
680,Tyler Kinley,18297,7,Y
681,Adalberto Mejia,13188,1,Y
682,Taylor Rogers,13449,4,Y
683,Alan Busenitz,15239,4,Y
684,Trevor Hildenberger,17002,0,Y
685,Addison Reed,10586,0,Y
686,Gabriel Moya,16348,4,Y
687,Tyler Duffey,13758,2,Y
688,Zack Littell,15823,7,Y
689,John Curtiss,16128,7,Y
690,Seung Hwan Oh,18719,0,Y
691,Mike Hauschild,14033,7,Y
692,Ryan Borucki,16350,2,Y
693,Tim Mayza,15042,2,Y
694,Sam Gaviglio,12778,2,Y
695,Thomas Pannone,17281,7,Y
696,Joe Biagini,13194,7,Y
697,Justin Shafer,16132,0,Y
698,Rhiner Cruz,711,7,Y
699,Ryan Tepera,10291,0,Y
700,Tyler Clippard,5640,0,Y
701,Jake Petricka,10534,1,Y
702,Brandon Cumpton,11366,3,Y
703,Danny Barnes,11388,1,Y
704,Luis Santos,15006,7,Y
705,Sean Reid-Foley,17034,7,Y
706,Murphy Smith,9812,7,Y
707,Sam Howard,16265,2,Y
708,Scott Oberg,13911,1,Y
709,German Marquez,15038,3,Y
710,Tyler Anderson,12880,4,Y
711,Harrison Musgrave,16532,2,Y
712,Antonio Senzatela,15488,2,Y
713,Bryan Shaw,8110,0,Y
714,Brooks Pounders,10387,7,Y
715,Jeff Hoffman,17432,7,Y
716,Yency Almonte,15068,6,Y
717,Adam Ottavino,1247,0,Y
718,Kyle Freeland,16256,4,Y
719,Jon Gray,14916,6,Y
720,Wade Davis,7441,0,Y
721,Jake McGee,7550,0,Y
722,Chris Rusin,9895,2,Y
723,Mike Dunn,9948,1,Y
724,Jerry Vasto,17126,7,Y
725,Will Smith,8048,4,Y
726,Casey Kelly,9174,7,Y
727,Sam Dyson,11710,0,Y
728,Hunter Strickland,7836,0,Y
729,Ty Blach,14361,2,Y
730,Chris Stratton,13761,1,Y
731,Ray Black,14244,1,Y
732,Derek Law,13133,0,Y
733,Tyler Beede,16981,7,Y
734,D.J. Snelten,15949,7,Y
735,Reyes Moronta,14966,0,Y
736,Dereck Rodriguez,14509,5,Y
737,Tony Watson,3132,0,Y
738,Mark Melancon,4264,5,Y
739,Andrew Suarez,18300,4,Y
740,Pierce Johnson,13435,1,Y
741,Roberto Gomez,12963,7,Y
742,Josh Osich,11528,1,Y
743,Jose Valdez,14470,2,Y
744,Michael Kopech,17282,5,Y
745,Xavier Cedeno,36,4,Y
746,Jace Fry,16159,4,Y
747,Juan Minaya,10341,1,Y
748,Jeanmar Gomez,9033,1,Y
749,Danny Farquhar,8501,4,Y
750,Lucas Giolito,15474,1,Y
751,Tyler Danish,15126,7,Y
752,Gregory Infante,9119,0,Y
753,Bruce Rondon,5766,1,Y
754,Ryan Burr,17536,5,Y
755,Nate Jones,4696,0,Y
756,Carlos Rodon,16137,4,Y
757,Aaron Bummer,16258,1,Y
758,Reynaldo Lopez,16400,1,Y
759,Dylan Covey,14825,7,Y
760,Thyago Vieira,14510,1,Y
761,Carson Fulmer,18311,7,Y
762,Kevin McCarthy,15240,0,Y
763,Scott Barlow,14993,6,Y
764,Brian Flynn,12027,1,Y
765,Jakob Junis,13619,3,Y
766,Tim Hill,16814,4,Y
767,Glenn Sparkman,15200,7,Y
768,Jason Adam,11861,1,Y
769,Eric Skoglund,16155,7,Y
770,Blaine Boyer,2237,7,Y
771,Brad Keller,15734,0,Y
772,Jake Newberry,15136,2,Y
773,Heath Fillmyer,17466,2,Y
774,Burch Smith,12784,7,Y
775,Trevor Oaks,16468,7,Y
776,Brandon Maurer,4878,1,Y
777,Justin Grimm,11720,1,Y
778,Eric Stout,16873,7,Y
779,Kyle Barraclough,13713,0,Y
780,Drew Rucinski,12499,7,Y
781,Caleb Smith,14875,1,Y
782,Brett Graves,16218,7,Y
783,Jarlin Garcia,18282,2,Y
784,Javy Guerra,7407,1,Y
785,Dillon Peters,18790,7,Y
786,Tyler Cloyd,8536,7,Y
787,Sandy Alcantara,18684,1,Y
788,Nick Wittgren,15594,0,Y
789,Drew Steckenrider,18806,0,Y
790,Pablo Lopez,17085,2,Y
791,Trevor Richards,19309,4,Y
792,Tayron Guerrero,11691,1,Y
793,Elieser Hernandez,16933,7,Y
794,Merandy Gonzalez,17313,7,Y
795,Chris O'Grady,13818,2,Y
796,Ben Meyer,18854,7,Y
797,Junichi Tazawa,4079,4,Y
798,Trey Wingenter,17793,5,Y
799,Matt Strahm,13799,0,Y
800,Craig Stammen,7274,0,Y
801,Joey Lucchesi,19320,4,Y
802,Jacob Nix,17775,3,Y
803,Kyle McGrath,16793,4,Y
804,Eric Lauer,19316,7,Y
805,Miguel Diaz,18815,7,Y
806,Kazuhisa Makita,19757,7,Y
807,Brett Kennedy,17877,2,Y
808,Walker Lockett,13804,7,Y
809,Kirby Yates,9073,0,Y
810,Robert Stock,6576,6,Y
811,Jose Castillo,17169,5,Y
812,Robbie Erlin,10354,3,Y
813,Phil Maton,18064,1,Y
814,Colten Brewer,12997,7,Y
815,Bryan Mitchell,11479,7,Y
816,Luis Perdomo,14682,7,Y
817,Victor Alcantara,15028,1,Y
818,Louis Coleman,9720,0,Y
819,Blaine Hardy,6499,4,Y
820,Joe Jimenez,15761,7,Y
821,Michael Fulmer,13218,6,Y
822,Buck Farmer,14814,7,Y
823,Drew VerHagen,13424,7,Y
824,Daniel Stumpf,13780,2,Y
825,Zac Reininger,15285,7,Y
826,Johnny Barbato,11440,7,Y
827,Sandy Baez,17754,0,Y
828,Alex Wilson,9239,0,Y
829,Shane Greene,10756,1,Y
830,Matt Boyd,15440,2,Y
831,Warwick Saupold,13211,7,Y
832,Artie Lewicki,16731,7,Y
833,Daniel Norris,13475,1,Y
834,Ryan Carpenter,12699,2,Y
835,Chad Bell,10297,7,Y
836,Paul Fry,15832,0,Y
837,Miguel Castro,15684,1,Y
838,David Hess,16130,2,Y
839,Mike Wright,12586,7,Y
840,Josh Rogers,18510,2,Y
841,Donnie Hart,15306,2,Y
842,Yefry Ramirez,15655,7,Y
843,Nestor Cortes,17874,7,Y
844,Jimmy Yacabonis,15157,7,Y
845,Richard Bleier,7803,0,Y
846,Sean Gilmartin,12781,4,Y
847,Darren O'Day,3321,0,Y
848,Ryan Meisinger,18105,1,Y
849,Mychal Givens,10430,0,Y
850,Dylan Bundy,12917,3,Y
851,Jhan Marinez,5830,1,Y
852,Tanner Scott,17586,1,Y
853,Cody Carroll,17664,7,Y
854,Pedro Araujo,17697,2,Y
855,Paul Abbott,1061,7,N
856,Jose Acevedo,307,7,N
857,Nick Adenhart,6879,7,N
858,Tim Adleman,10968,1,N
859,Kurt Ainsworth,1431,7,N
860,Andrew Albers,7853,2,N
861,Raul Alcantara,12790,7,N
862,Victor Alvarez,1559,2,N
863,Henderson Alvarez,5669,3,N
864,Abe Alvarez,6259,7,N
865,Wilson Alvarez,1193,1,N
866,Jimmy Anderson,977,7,N
867,Cody Anderson,12799,3,N
868,Jayson Aquino,13150,7,N
869,Rolando Arrojo,174,1,N
870,Miguel Asencio,586,7,N
871,Ezequiel Astacio,2169,7,N
872,Luis Atilano,3802,7,N
873,Mitch Atkins,8369,7,N
874,Bryan Augenstein,936,7,N
875,Jeff Austin,587,7,N
876,Steve Avery,1706,7,N
877,Dylan Axelrod,9303,7,N
878,Manny Aybar,1107,7,N
879,Brandon Backe,1529,7,N
880,Mike Bacsik,863,7,N
881,Cha Seung Baek,8214,7,N
882,James Baldwin,1064,7,N
883,John Bale,864,4,N
884,Collin Balester,6883,7,N
885,Willie Banks,1434,1,N
886,Josh Banks,5570,7,N
887,Manny Banuelos,5365,7,N
888,Daniel Barone,7652,2,N
889,Jimmy Barthmaier,6292,7,N
890,Miguel Batista,46,1,N
891,Denny Bautista,1947,7,N
892,Yorman Bazardo,3143,7,N
893,Brandon Beachy,8851,6,N
894,Blake Beavan,338,3,N
895,Dallas Beeler,11471,7,N
896,Trevor Bell,7074,7,N
897,Rob Bell,1492,7,N
898,Omar Beltre,10259,7,N
899,Alan Benes,265,7,N
900,Brad Bergesen,8375,7,N
901,Jason Bergmann,4640,7,N
902,Jason Berken,5673,7,N
903,Adam Bernero,460,7,N
904,Jason Beverlin,1560,7,N
905,Rocky Biddle,223,7,N
906,Nick Bierbrodt,1194,7,N
907,Travis Blackley,3234,2,N
908,Aaron Blair,14934,7,N
909,Joe Blanton,4849,3,N
910,Mike Bolsinger,11137,7,N
911,Lisalverto Bonilla,11266,7,N
912,Eddie Bonine,5890,2,N
913,Boof Bonser,2159,7,N
914,Dave Borkowski,2002,7,N
915,Wilfredo Boscan,7655,7,N
916,Micah Bowie,1561,2,N
917,Dallas Braden,8099,2,N
918,Dewon Brazelton,1195,7,N
919,Parker Bridwell,11502,3,N
920,Eude Brito,2514,2,N
921,Chris Brock,130,2,N
922,Aaron Brooks,12272,7,N
923,David Buchanan,11176,7,N
924,Jake Buchanan,10962,7,N
925,Taylor Buchholz,2168,1,N
926,Billy Buckner,8253,7,N
927,Bryan Bullington,5066,7,N
928,Dave Burba,1239,1,N
929,Hiram Burgos,9412,7,N
930,Mike Burns,2932,7,N
931,Brian Burres,3425,7,N
932,Mike Bynum,1022,7,N
933,Paul Byrd,594,3,N
934,Edwar Cabrera,9211,7,N
935,Mickey Callaway,7,7,N
936,Jorge Campillo,8686,2,N
937,Chris Capuano,1701,4,N
938,Buddy Carlyle,2010,7,N
939,Cesar Carrillo,4697,7,N
940,Scott Carroll,888,7,N
941,Jack Cassel,3052,7,N
942,Gustavo Chacin,2060,2,N
943,Shawn Chacon,424,1,N
944,Joba Chamberlain,2692,0,N
945,Bruce Chen,769,2,N
946,Matt Chico,6068,7,N
947,Brandon Claussen,814,2,N
948,Paul Clemens,8037,2,N
949,Pasqual Coco,1294,7,N
950,Dave Coggin,951,1,N
951,Casey Coleman,8270,7,N
952,Josh Collmenter,7312,0,N
953,David Cone,1680,7,N
954,Jose Contreras,1660,1,N
955,Dennis Cook,8,0,N
956,Tim Cooney,13762,0,N
957,Brian Cooper,1295,7,N
958,Tim Corcoran,2351,7,N
959,Rheal Cormier,952,0,N
960,Nate Cornejo,462,7,N
961,Kevin Correia,1767,7,N
962,Jarred Cosart,10304,1,N
963,Jharel Cotton,13654,2,N
964,Bobby Cramer,2744,6,N
965,Tyler Cravy,10770,7,N
966,Casey Crosby,5261,7,N
967,Francisco Cruceta,2104,7,N
968,Omar Daal,646,2,N
969,Casey Daigle,1880,7,N
970,Logan Darnell,11261,7,N
971,Jason Davis,1598,7,N
972,Rookie Davis,14962,7,N
973,Joe Dawley,1632,7,N
974,Zach Day,1496,7,N
975,Chase De Jong,15036,7,N
976,Joel De La Cruz,12825,2,N
977,Rubby de la Rosa,3862,1,N
978,Jose De Leon,15463,7,N
979,Luis de los Santos,1203,7,N
980,Roger Deago,1705,4,N
981,Pat Dean,11350,7,N
982,Samuel Deduno,5285,1,N
983,Ryan Dempster,517,1,N
984,Kyle Denney,7192,7,N
985,Jorge DePaula,1827,1,N
986,Matt DeSalvo,5439,7,N
987,Elmer Dessens,317,7,N
988,Cole DeVries,8201,2,N
989,Thomas Diamond,8025,7,N
990,Scott Diamond,5089,7,N
991,Felix Diaz,1932,7,N
992,R.A. Dickey,1245,3,N
993,Brandon Dickson,6979,7,N
994,Ben Diggins,1599,7,N
995,Lenny DiNardo,1894,7,N
996,Juan Dominguez,1796,2,N
997,Felix Doubront,1478,1,N
998,Sean Douglass,133,7,N
999,Kyle Drabek,4359,7,N
1000,Darren Dreifort,647,1,N
1001,Tim Drew,380,7,N
1002,Travis Driskill,134,7,N
1003,Eric DuBose,1633,1,N
1004,Justin Duchscherer,910,0,N
1005,Brandon Duckworth,954,7,N
1006,Phil Dumatrait,8598,7,N
1007,J.D. Durbin,7992,7,N
1008,Chad Durbin,1442,1,N
1009,Jerad Eickhoff,12664,0,N
1010,Scott Elarton,426,7,N
1011,Cal Eldred,1653,1,N
1012,Robert Ellis,649,7,N
1013,John Ely,6132,2,N
1014,John Ennis,85,7,N
1015,Dietrich Enns,13932,7,N
1016,Barry Enright,2412,2,N
1017,Jake Esch,12756,7,N
1018,Kelvim Escobar,1298,1,N
1019,Paolo Espino,8246,7,N
1020,Mike Esposito,4986,7,N
1021,Seth Etherton,322,7,N
1022,Dana Eveland,5508,7,N
1023,Jeff Fassero,279,1,N
1024,Ryan Feierabend,6336,7,N
1025,Scott Feldman,6283,3,N
1026,Jose Fernandez,11530,5,N
1027,Jared Fernandez,324,7,N
1028,Stephen Fife,8077,1,N
1029,Alfredo Figaro,8404,7,N
1030,Nelson Figueroa,683,7,N
1031,Yohan Flande,5057,2,N
1032,Kendry Flores,12118,0,N
1033,Josh Fogg,989,7,N
1034,Jesse Foppert,1688,1,N
1035,Matt Ford,1674,7,N
1036,Casey Fossum,188,2,N
1037,Matt Fox,7320,2,N
1038,Wayne Franklin,557,7,N
1039,Ryan Franklin,1076,1,N
1040,Luke French,7529,7,N
1041,Carlos Frias,3547,7,N
1042,Christian Friedrich,7942,2,N
1043,Mike Fyhrie,1447,2,N
1044,Kason Gabbard,3418,1,N
1045,Armando Gabino,3387,7,N
1046,Eric Gagne,650,5,N
1047,Armando Galarraga,4222,1,N
1048,Sean Gallagher,8261,7,N
1049,Onelki Garcia,13674,7,N
1050,Dave Gassner,3546,2,N
1051,John Gast,11133,7,N
1052,Chad Gaudin,1783,1,N
1053,Dillon Gee,7396,3,N
1054,Josh Geer,4781,2,N
1055,Chris George,601,7,N
1056,Justin Germano,1938,2,N
1057,Dan Giese,2656,2,N
1058,Matt Ginter,233,7,N
1059,Chris Gissell,2015,7,N
1060,Gary Glover,234,7,N
1061,Ryan Glynn,686,7,N
1062,Jimmy Gobble,1791,2,N
1063,Graham Godfrey,3128,7,N
1064,Enrique Gonzalez,2568,7,N
1065,Dicky Gonzalez,777,2,N
1066,Chi Chi Gonzalez,14663,1,N
1067,Severino Gonzalez,14697,7,N
1068,Geremi Gonzalez,1711,7,N
1069,Edgar Gonzalez,1727,7,N
1070,Andy Good,1690,7,N
1071,Tom Gordon,282,0,N
1072,Brian Gordon,2374,2,N
1073,Tom Gorzelanny,6244,4,N
1074,Mike Gosling,2204,2,N
1075,Alex Graman,1910,7,N
1076,Seth Greisinger,467,7,N
1077,A.J. Griffin,11132,3,N
1078,Jeremy Griffiths,1731,7,N
1079,Jason Grimsley,602,1,N
1080,Angel Guzman,2145,1,N
1081,Eric Hacker,8743,7,N
1082,Charlie Haeger,3545,7,N
1083,Jesse Hahn,13287,0,N
1084,John Halama,1080,2,N
1085,Josh Hall,1784,7,N
1086,Brad Halsey,4760,2,N
1087,Chris Hammond,92,4,N
1088,Josh Hancock,1606,1,N
1089,Donovan Hand,8728,1,N
1090,Chris Haney,192,7,N
1091,Devern Hansack,4939,0,N
1092,Lucas Harrell,7541,7,N
1093,Jeff Harris,7189,2,N
1094,Matt Harrison,5551,2,N
1095,Kevin Hart,8079,7,N
1096,Dirk Hayhurst,6010,7,N
1097,Jeremy Hefner,1989,3,N
1098,Rick Helling,58,1,N
1099,Johnny Hellweg,10065,7,N
1100,Mark Hendrickson,1574,2,N
1101,Ben Hendrickson,2175,7,N
1102,Brad Hennessey,3720,7,N
1103,Clay Hensley,4593,1,N
1104,Dustin Hermanson,195,1,N
1105,Carlos Hernandez,560,7,N
1106,Adrian Hernandez,1504,7,N
1107,Pedro Hernandez,4578,7,N
1108,Runelvys Hernandez,1528,7,N
1109,Yoslan Herrera,7759,7,N
1110,Chris Heston,10302,1,N
1111,Erik Hiljus,919,7,N
1112,Shawn Hill,1882,7,N
1113,Taylor Hill,12515,7,N
1114,Jason Hirsh,6293,2,N
1115,Sterling Hitchcock,824,2,N
1116,Luke Hochevar,6943,1,N
1117,David Holmberg,7725,7,N
1118,D.J. Houlton,3566,7,N
1119,T.J. House,9121,2,N
1120,Ben Howard,1452,1,N
1121,Luke Hudson,1542,1,N
1122,David Huff,4257,7,N
1123,Philip Humber,8586,7,N
1124,Eric Hurley,8364,7,N
1125,Kei Igawa,7794,7,N
1126,Hideki Irabu,1255,2,N
1127,Phil Irwin,9489,7,N
1128,Zach Jackson,8356,7,N
1129,Chris Jakubauskas,7831,7,N
1130,Chuck James,4886,1,N
1131,Delvin James,1215,7,N
1132,Kevin Jarvis,1037,7,N
1133,Myles Jaye,11769,7,N
1134,Chad Jenkins,10326,0,N
1135,Tyrell Jenkins,11378,7,N
1136,Jason Jennings,434,7,N
1137,Ryan Jensen,1117,7,N
1138,Jose Jimenez,435,7,N
1139,Kris Johnson,886,2,N
1140,Alan Johnson,917,7,N
1141,Steve Johnson,4053,1,N
1142,Adam Johnson,733,7,N
1143,Erik Johnson,12520,7,N
1144,Eric Jokisch,11157,4,N
1145,Bobby Jones,1454,7,N
1146,Taylor Jordan,10466,2,N
1147,Felix Jorge,14532,7,N
1148,Taylor Jungmann,13119,1,N
1149,Nathan Karns,12638,1,N
1150,Steve Karsay,829,1,N
1151,Jeff Karstens,5879,3,N
1152,Kenshin Kawakami,9225,2,N
1153,Randy Keisler,830,7,N
1154,Joe Kennedy,1217,2,N
1155,Bobby Keppel,2229,7,N
1156,Mike Kickham,11618,7,N
1157,Byung-Hyun Kim,61,1,N
1158,Sun-Woo Kim,197,7,N
1159,Matt Kinney,737,7,N
1160,Brandon Knight,831,7,N
1161,Eric Knott,62,7,N
1162,Gary Knotts,1428,7,N
1163,Shane Komine,4754,7,N
1164,John Koronka,2130,7,N
1165,Ben Kozlowski,1634,7,N
1166,Zach Kroenke,4383,2,N
1167,Aaron Laffey,6248,2,N
1168,Chris Lambert,8047,7,N
1169,Dinelson Lamet,17186,0,N
1170,Wil Ledezma,1669,7,N
1171,Zach Lee,11468,7,N
1172,Charlie Leesman,9124,7,N
1173,Justin Lehr,2163,2,N
1174,Jon Leicester,2092,7,N
1175,Anthony Lerew,3440,7,N
1176,Allen Levrault,925,7,N
1177,Scott Lewis,7322,4,N
1178,Cory Lidle,926,2,N
1179,Jose Lima,475,7,N
1180,Brad Lincoln,4241,2,N
1181,Doug Linton,1662,1,N
1182,Jesse Litsch,3688,3,N
1183,Bobby Livingston,3876,7,N
1184,Radhames Liz,5843,7,N
1185,Kyle Lloyd,15378,7,N
1186,Kyle Lobstein,9178,2,N
1187,Kameron Loe,4422,7,N
1188,Adam Loewen,2134,1,N
1189,Carlton Loewer,1713,7,N
1190,Braden Looper,526,1,N
1191,Albie Lopez,102,7,N
1192,Andrew Lorraine,1583,2,N
1193,Shane Loux,1613,7,N
1194,Derek Lowe,199,3,N
1195,Cory Luebke,1984,4,N
1196,Bobby Madritsch,2085,0,N
1197,Calvin Maduro,151,2,N
1198,Pat Mahomes,291,7,N
1199,Matt Maloney,9920,2,N
1200,Dave Manning,1785,7,N
1201,Sean Marshall,5905,4,N
1202,Francis Martes,17303,1,N
1203,Ethan Martin,3877,1,N
1204,J.D. Martin,3685,7,N
1205,Cody Martin,12182,7,N
1206,Luis Martinez,1823,2,N
1207,Joe Martinez,3935,7,N
1208,Nick Martinez,12730,7,N
1209,Shairon Martis,6781,7,N
1210,Justin Masterson,2038,0,N
1211,Juan Mateo,3753,7,N
1212,Scott Mathieson,4771,7,N
1213,Doug Mathis,3944,7,N
1214,Brian Matusz,2646,2,N
1215,Tyler Matzek,10058,4,N
1216,Darrell May,613,2,N
1217,Yunesky Maya,11420,7,N
1218,Joe Mays,740,7,N
1219,Vin Mazzaro,5231,7,N
1220,Seth McClung,1657,1,N
1221,Daniel McCutchen,263,7,N
1222,James McDonald,5523,1,N
1223,Dustin McGowan,8600,1,N
1224,Marty McLeary,2022,2,N
1225,Kyle McPherson,5009,4,N
1226,Brian Meadows,998,2,N
1227,Chris Mears,1756,7,N
1228,Jenrry Mejia,8476,1,N
1229,Tim Melville,9149,7,N
1230,Adalberto Mendez,3752,7,N
1231,Luis Mendoza,3126,7,N
1232,Ramiro Mendoza,836,2,N
1233,Jose Mercedes,396,1,N
1234,Kent Mercker,439,1,N
1235,Ryan Merritt,13688,0,N
1236,Alex Meyer,12833,1,N
1237,Chris Michalak,1415,2,N
1238,Jason Middlebrook,1048,1,N
1239,Justin Miller,1313,1,N
1240,Brad Mills,4420,7,N
1241,Zach Miner,3193,1,N
1242,Pat Misch,5909,2,N
1243,Sergio Mitre,1773,7,N
1244,Dave Mlicki,569,7,N
1245,Garrett Mock,7335,7,N
1246,Brian Moehler,480,7,N
1247,Carlos Monasterios,2506,2,N
1248,Rafael Montero,12760,7,N
1249,Andrew Moore,17553,2,N
1250,Franklin Morales,5088,4,N
1251,Mike Morgan,67,7,N
1252,Juan Morillo,3369,7,N
1253,Clayton Mortensen,3166,1,N
1254,Guillermo Moscoso,5106,1,N
1255,Jon Moscot,13849,7,N
1256,Dustin Moseley,7060,2,N
1257,Damian Moss,107,1,N
1258,Tony Mounce,1739,7,N
1259,Terry Mulholland,665,2,N
1260,Kevin Mulvey,6947,2,N
1261,Pete Munro,1546,7,N
1262,Toru Murata,11652,2,N
1263,A.J. Murray,3422,7,N
1264,Heath Murray,1510,2,N
1265,Brett Myers,962,3,N
1266,Aaron Myette,1263,7,N
1267,Clint Nageotte,2156,7,N
1268,Sam Narron,4516,7,N
1269,Chris Narveson,2141,4,N
1270,Denny Neagle,441,7,N
1271,Nick Neugebauer,698,7,N
1272,Justin Nicolino,11754,2,N
1273,Jeff Niemann,8591,3,N
1274,Fernando Nieve,2173,1,N
1275,Dustin Nippert,4426,7,N
1276,C.J. Nitkowski,570,7,N
1277,Hector Noesi,3292,2,N
1278,Sean Nolin,11341,7,N
1279,Vladimir Nunez,532,1,N
1280,Mike O'Connor,6457,1,N
1281,Ryan O'Malley,4412,4,N
1282,Sean O'Sullivan,9137,7,N
1283,Brett Oberholtzer,3855,2,N
1284,Wes Obermueller,1637,7,N
1285,Ross Ohlendorf,8268,1,N
1286,Andrew Oliver,10257,7,N
1287,Darren Oliver,206,1,N
1288,Edgar Olmos,10174,2,N
1289,Kevin Olsen,533,7,N
1290,Garrett Olson,9889,7,N
1291,Anthony Ortega,6745,2,N
1292,Ramon Ortiz,27,7,N
1293,Jimmy Osting,701,7,N
1294,Josh Outman,4004,4,N
1295,Dillon Overton,15627,7,N
1296,Henry Owens,13143,7,N
1297,Rudy Owens,5226,7,N
1298,Micah Owings,4253,1,N
1299,Vicente Padilla,964,1,N
1300,Matt Palmer,4457,1,N
1301,Mike Parisi,8070,7,N
1302,Chan Ho Park,1267,1,N
1303,Jarrod Parker,4913,0,N
1304,Jim Parque,250,7,N
1305,James Parr,7734,7,N
1306,Jose Parra,70,1,N
1307,Manny Parra,4279,1,N
1308,John Patterson,71,1,N
1309,Red Patterson,10710,0,N
1310,David Pauley,3625,2,N
1311,David Paulino,17418,2,N
1312,Felipe Paulino,3777,7,N
1313,Josh Pearce,1175,7,N
1314,Dave Pember,1618,7,N
1315,Ariel Pena,10240,7,N
1316,Hayden Penn,4893,7,N
1317,Beltran Perez,2116,1,N
1318,Williams Perez,11592,7,N
1319,Matt Perisho,1423,7,N
1320,Glen Perkins,8041,1,N
1321,Robert Person,966,1,N
1322,Jonathan Pettibone,7106,7,N
1323,Adam Pettyjohn,489,2,N
1324,Tommy Phelps,1665,1,N
1325,David Phelps,6316,0,N
1326,Jason Phillips,1549,7,N
1327,Kevin Pickford,1473,7,N
1328,Tyler Pill,12751,7,N
1329,Joel Pineiro,1094,3,N
1330,Yohan Pino,6955,2,N
1331,Brian Powell,490,7,N
1332,Luke Prokopec,1320,7,N
1333,Carlos Pulido,1815,2,N
1334,Bill Pulsipher,842,2,N
1335,David Purcey,8360,1,N
1336,Ruben Quevedo,705,7,N
1337,Brady Raggio,1750,7,N
1338,Brooks Raley,10061,2,N
1339,Ramon Ramirez,2899,0,N
1340,Horacio Ramirez,110,2,N
1341,Elizardo Ramirez,1946,7,N
1342,Mario Ramos,1272,1,N
1343,Anthony Ranaudo,11424,7,N
1344,Scott Randall,749,7,N
1345,Darrell Rasner,4770,7,N
1346,Robert Ray,3359,2,N
1347,Colin Rea,12317,1,N
1348,Britt Reames,794,7,N
1349,Todd Redmond,9943,1,N
1350,Nick Regilio,2226,7,N
1351,Dan Reichert,624,7,N
1352,Chad Reineke,7641,7,N
1353,Brian Reith,347,7,N
1354,Chris Reitsma,348,7,N
1355,Bryan Rekar,625,7,N
1356,Jo-Jo Reyes,5559,2,N
1357,Anthony Reyes,7105,2,N
1358,Greg Reynolds,5712,7,N
1359,Armando Reynoso,72,7,N
1360,John Rheinecker,2165,2,N
1361,Scott Richmond,4307,7,N
1362,Andre Rienzo,3507,7,N
1363,Jose Rijo,349,3,N
1364,Matt Riley,164,7,N
1365,Todd Ritchie,253,7,N
1366,Joe Roa,969,7,N
1367,Jason Roach,1740,7,N
1368,Willis Roberts,167,1,N
1369,Jeriome Robertson,1619,7,N
1370,Brady Rodgers,13393,7,N
1371,Ricardo Rodriguez,1585,7,N
1372,Nerio Rodriguez,403,2,N
1373,Aneury Rodriguez,8948,7,N
1374,Esmil Rogers,6317,7,N
1375,Mark Rogers,4083,0,N
1376,Kenny Rogers,1277,2,N
1377,Matt Roney,1670,7,N
1378,Rodrigo Rosario,1747,0,N
1379,Joe Ross,12972,0,N
1380,Ryan Rowland-Smith,3245,7,N
1381,Ryan Rupe,1223,2,N
1382,Glendon Rusch,707,2,N
1383,Kirk Saarloos,1516,7,N
1384,Ryan Sadowski,5916,1,N
1385,Chris Saenz,1913,5,N
1386,Adrian Sampson,13339,7,N
1387,Keyvius Sampson,10039,7,N
1388,Chris Sampson,2651,2,N
1389,Alex Sanabia,5350,2,N
1390,Jonathan Sanchez,7507,1,N
1391,Jesus Sanchez,1476,2,N
1392,Julio Santana,496,1,N
1393,Johan Santana,755,5,N
1394,Victor Santos,446,7,N
1395,Curt Schilling,73,5,N
1396,Scott Schoeneweis,33,2,N
1397,Chris Schwinden,7851,7,N
1398,Chris Seddon,3833,2,N
1399,Shawn Sedlacek,1519,7,N
1400,Zack Segovia,8742,7,N
1401,Dan Serafini,1812,7,N
1402,Jimmy Serrano,2491,7,N
1403,Tom Shearn,2040,2,N
1404,Jason Shiell,1625,7,N
1405,Brian Sikorski,7603,7,N
1406,Walter Silva,5157,7,N
1407,Jose Silva,354,7,N
1408,Carlos Silva,973,7,N
1409,Alfredo Simon,2155,1,N
1410,Jason Simontacchi,1181,7,N
1411,Brian Slocum,4705,7,N
1412,Kevin Slowey,9918,3,N
1413,Greg Smith,3455,2,N
1414,Bud Smith,1182,2,N
1415,Chris Smith,4544,2,N
1416,Josh Smith,10946,7,N
1417,Mike Smith,1479,7,N
1418,Dan Smith,1521,1,N
1419,Travis Smith,1522,2,N
1420,John Smoltz,115,6,N
1421,Drew Smyly,11760,4,N
1422,Steve Smyth,1577,7,N
1423,Kyle Snyder,1689,7,N
1424,Alay Soler,8542,2,N
1425,Andy Sonnanstine,7667,2,N
1426,Henry Sosa,6936,7,N
1427,Jorge Sosa,1228,7,N
1428,Jeremy Sowers,9083,2,N
1429,Steve Sparks,499,7,N
1430,Levale Speigner,5717,7,N
1431,Dennis Springer,672,7,N
1432,Zeke Spruill,3873,7,N
1433,Jason Standridge,1229,7,N
1434,Jason Stanford,1763,4,N
1435,Denny Stark,452,7,N
1436,Tim Stauffer,6432,1,N
1437,Blake Stein,632,7,N
1438,John Stephens,1569,2,N
1439,Josh Stewart,1683,7,N
1440,Zach Stewart,7397,7,N
1441,Everett Stull,712,7,N
1442,Tanyon Sturtze,1230,7,N
1443,Albert Suarez,6175,2,N
1444,Eric Surkamp,2540,7,N
1445,Mac Suzuki,1485,7,N
1446,Greg Swindell,76,3,N
1447,Kazuhito Tadano,1917,2,N
1448,Mitch Talbot,4961,7,N
1449,Brian Tallet,1646,1,N
1450,Dennis Tankersley,1054,7,N
1451,Jordan Tata,5999,7,N
1452,Ty Taubenheim,5561,7,N
1453,Julian Tavarez,541,7,N
1454,Graham Taylor,3719,7,N
1455,Everett Teaford,3732,1,N
1456,Robinson Tejeda,2575,1,N
1457,Michael Tejera,542,7,N
1458,Amaury Telemaco,1802,1,N
1459,Nick Tepesch,11716,2,N
1460,Nate Teut,1487,7,N
1461,Justin Thompson,8217,2,N
1462,Brad Thompson,4911,7,N
1463,Derek Thompson,2126,0,N
1464,Mike Thompson,2735,7,N
1465,Daryl Thompson,6603,7,N
1466,Brian Tollberg,1055,7,N
1467,Brett Tomko,1056,7,N
1468,Salomon Torres,1628,1,N
1469,Billy Traber,410,2,N
1470,Chin-hui Tsao,1776,7,N
1471,Jen-Ho Tseng,15524,7,N
1472,Ryan Tucker,1062,7,N
1473,Nik Turley,5530,7,N
1474,Julio Urias,14765,1,N
1475,Cesar Valdez,9013,7,N
1476,John Van Benschoten,2228,7,N
1477,Andy Van Hekken,1630,7,N
1478,Todd Van Poppel,1284,7,N
1479,Cory Vance,1647,2,N
1480,Rick VandenHurk,5099,7,N
1481,Cesar Vargas,14099,2,N
1482,Claudio Vargas,1695,1,N
1483,Anthony Vasquez,6577,7,N
1484,Virgil Vasquez,6124,7,N
1485,Yordano Ventura,11855,4,N
1486,Ryan Verdugo,9154,2,N
1487,Logan Verrett,12905,1,N
1488,Eduardo Villacis,1922,7,N
1489,Carlos Villanueva,4138,1,N
1490,Elih Villanueva,8796,7,N
1491,Ron Villone,1010,1,N
1492,Ryan Vogelsong,1011,1,N
1493,Tsuyoshi Wada,13046,4,N
1494,Doug Waechter,1814,7,N
1495,Tyler Wagner,13796,7,N
1496,Tim Wakefield,219,1,N
1497,Pete Walker,1325,1,N
1498,Donne Wall,39,2,N
1499,P.J. Walters,9557,7,N
1500,Chien-Ming Wang,2074,3,N
1501,John Wasdin,1768,7,N
1502,Chris Waters,7015,7,N
1503,Justin Wayne,803,7,N
1504,Jeff Weaver,503,3,N
1505,John Webb,7230,7,N
1506,Allen Webster,3993,7,N
1507,Kyle Weiland,7874,2,N
1508,Todd Wellemeyer,1709,1,N
1509,David Wells,855,3,N
1510,Randy Wells,4535,1,N
1511,Kip Wells,1012,1,N
1512,Andrew Werner,11783,2,N
1513,Sean West,4393,7,N
1514,Alex White,10054,7,N
1515,Matt White,1720,7,N
1516,Chase Whitley,10982,3,N
1517,Joe Wieland,6109,7,N
1518,Adam Wilk,8421,7,N
1519,Jerome Williams,1137,1,N
1520,Jeff Williams,674,7,N
1521,Woody Williams,1190,3,N
1522,Dave Williams,1013,2,N
1523,Mike Williams,1014,1,N
1524,Kris Wilson,636,7,N
1525,Tyler Wilson,12691,2,N
1526,C.J. Wilson,3580,4,N
1527,Jason Windsor,8373,7,N
1528,Jay Witasick,1138,1,N
1529,Asher Wojciechowski,10836,7,N
1530,Mike Wood,1806,7,N
1531,Kerry Wood,304,0,N
1532,Travis Wood,9884,4,N
1533,Steve Woodard,1285,7,N
1534,Vance Worley,6435,3,N
1535,Dan Wright,258,7,N
1536,Chase Wright,3593,2,N
1537,Daniel Wright,15179,7,N
1538,Jaret Wright,415,7,N
1539,Jamey Wright,715,1,N
1540,Gabriel Ynoa,12938,7,N
1541,Masato Yoshii,807,2,N
1542,Shane Youman,3888,7,N
1543,Jason Young,1707,7,N
1544,Victor Zambrano,1237,1,N
1545,Charlie Zink,4180,7,N
